proba,DELAYED
<<<<<<< HEAD
0.11200625396175058,0.0
0.2078127388954501,0.0
0.2576534298656558,0.0
0.6302108477473646,1.0
0.08631466939764838,0.0
0.0028682081807081803,0.0
0.044330545909284806,0.0
0.09464215818927918,0.0
0.04718571932430837,0.0
0.9005652680652677,1.0
0.6542637137074564,1.0
0.761023228266049,1.0
0.17302160590744792,0.0
0.5620185021104515,1.0
0.2240019237776002,0.0
0.06552326708475655,0.0
0.5679768488271092,1.0
0.044330545909284806,0.0
0.16800758276515773,0.0
0.4969414566643801,0.0
0.24561432459552776,1.0
0.7638624948081358,1.0
0.0021671818236938126,0.0
0.21341736292734628,0.0
0.33343270057185226,0.0
0.1498670635895868,0.0
0.15404880835871695,0.0
0.3708471189673946,0.0
0.4255678483304139,0.0
0.0038664996877536195,0.0
0.24225489083518023,0.0
0.14995313962535262,0.0
0.17225813497881398,0.0
0.536481941120677,1.0
0.26848182132819054,1.0
0.7406277373083263,1.0
0.11083807366069347,0.0
0.38952968561138124,0.0
0.2906423146920445,0.0
0.50342860623426,0.0
0.09464215818927918,0.0
0.32714065676927023,0.0
0.5011687141803244,1.0
0.2862376164808659,1.0
0.002999585986516146,0.0
0.09464215818927918,0.0
0.4186778934584384,0.0
0.3809882869968008,0.0
0.19099814360778478,0.0
0.047721783672320155,0.0
0.05746322037676423,0.0
0.058761833407370914,0.0
0.0038664996877536195,0.0
0.34413854500389024,0.0
0.2976356507921098,0.0
0.0021671818236938126,0.0
0.26524198598040744,0.0
0.48048493044169305,1.0
0.1636056056085686,0.0
0.06316918364303432,0.0
0.04667242844643024,0.0
0.08264900949910285,0.0
0.24189631603389217,0.0
0.14605282829315314,0.0
0.25575854814470217,0.0
0.044330545909284806,0.0
0.260587033989199,1.0
0.43852956308484714,1.0
0.08545543872281822,0.0
0.044330545909284806,0.0
0.2422877374963656,0.0
0.006658483000018115,0.0
0.2962479093856182,0.0
0.11285971680598285,0.0
0.5329896597309278,1.0
0.0028682081807081803,0.0
0.2959398754545522,0.0
0.4103409958094577,1.0
0.08540877476210293,0.0
0.08519106320331807,0.0
0.14401185212765216,0.0
0.08812255776372063,0.0
0.4793466515350493,0.0
0.45185235265160845,0.0
0.7313934567559998,1.0
0.3770861215718008,1.0
0.5831276233653011,0.0
0.19841231861649636,0.0
0.08997112484864986,0.0
0.011575598618854684,0.0
0.0028682081807081803,0.0
0.044330545909284806,0.0
0.13340381204627488,0.0
0.0028682081807081803,0.0
0.39860698501532177,1.0
0.614087062224586,1.0
0.9374209968282705,1.0
0.8313568548448114,1.0
0.0028682081807081803,0.0
0.04964506016770744,0.0
0.7894629930963714,1.0
0.044330545909284806,0.0
0.4227104636554855,1.0
0.08233089954399858,0.0
0.35980764661596853,0.0
0.704030481346555,1.0
0.22140358049795386,0.0
0.8436044163007929,1.0
0.005862101386182128,0.0
0.12668573363784374,0.0
0.11200625396175058,0.0
0.48734606527869506,1.0
0.16846997867663935,0.0
0.08432214043332847,0.0
0.0028682081807081803,0.0
0.1536328060640319,0.0
0.043104225839519957,0.0
0.21870017492763158,0.0
0.4995172588762706,1.0
0.001165197696709686,0.0
0.09464215818927918,0.0
0.0007006067321187214,0.0
0.044330545909284806,0.0
0.2959398754545522,1.0
0.03364529914529914,0.0
0.08432214043332847,0.0
0.16089529788127988,0.0
0.13264139547270853,0.0
0.7210423890715454,1.0
0.8891150025430795,1.0
0.0011937668709012547,0.0
0.24735528222876008,0.0
0.22907867128558165,1.0
0.011575598618854684,0.0
0.5021376983923663,1.0
0.5029117943446196,1.0
0.3641168122804221,0.0
0.3763831701174331,1.0
0.5744080226894733,1.0
0.5641543034172867,1.0
0.9361347162322257,1.0
0.06508443560866659,0.0
0.08167225670213288,0.0
0.14984153476198073,0.0
0.21924357008942616,0.0
0.24480528970385781,0.0
0.08812255776372063,0.0
0.22721581452720915,0.0
0.46263643250317293,1.0
0.5641543034172867,1.0
0.0038664996877536195,0.0
0.17124837550986907,0.0
0.5157728433238526,1.0
0.12634255591782703,0.0
0.702017898024619,1.0
0.4487987845869761,0.0
0.5426820309247673,0.0
0.045869007447746336,0.0
0.4939296488946842,0.0
0.39860698501532177,0.0
0.39903156812159535,0.0
0.11040303195135039,0.0
0.4255678483304139,1.0
0.6014093239895432,1.0
0.6452919665288674,1.0
0.35450357842302865,1.0
0.06316918364303432,0.0
0.2533081409027269,0.0
0.34350465524035306,1.0
0.23164420859600143,0.0
0.044330545909284806,0.0
0.27802630908318365,1.0
0.5118642014285686,0.0
0.1273494216520963,0.0
0.044330545909284806,0.0
0.0017174538119794998,0.0
0.0008966851634912704,0.0
0.5235436199621722,0.0
0.16205639540118033,0.0
0.4078857285072062,0.0
0.6575937848791406,1.0
0.08432214043332847,0.0
0.6852100907864778,1.0
0.5436296080754784,1.0
0.669445712444706,1.0
0.08432214043332847,0.0
0.2710516074312751,0.0
0.10843670293238941,0.0
0.8436044163007929,1.0
0.15690403588673532,0.0
0.19990008279397356,0.0
0.3383571116700745,0.0
0.1400419038997628,0.0
0.7964821175650301,1.0
0.08432214043332847,0.0
0.24989948667316056,0.0
0.38232913194004975,1.0
0.22116702959707127,0.0
0.5118642014285686,1.0
0.11461097960633561,0.0
0.0021671818236938126,0.0
0.20117420431384977,0.0
0.08856742223447932,0.0
0.5233781105549458,1.0
0.02456334200867734,0.0
0.2681209210497393,0.0
0.039442529759529596,0.0
0.4255678483304139,0.0
0.5941089624881054,1.0
0.1916298036134628,0.0
0.025172647422152666,0.0
0.0017174538119794998,0.0
0.2976078677280069,0.0
0.49794445706863705,1.0
0.5587502237396145,1.0
0.46849986920013936,0.0
0.09670996763216928,0.0
0.001165197696709686,0.0
0.09464215818927918,0.0
0.30296560314735993,1.0
0.2510709193661183,0.0
0.41487302579301943,1.0
0.04988690973835678,0.0
0.08432214043332847,0.0
0.001755405046683032,0.0
0.5740390410466888,1.0
0.13201932368861538,0.0
0.19468115909826153,0.0
0.49350704434467946,1.0
0.23655694049038486,0.0
0.13653619356580896,0.0
0.4633631762208546,1.0
0.14134168432343375,0.0
0.08758468797388125,0.0
0.18873657588729115,0.0
0.020649258558154977,0.0
0.09118541795486526,0.0
0.1591474307596258,0.0
0.22116702959707127,0.0
0.04988690973835678,0.0
0.48760520566179577,1.0
0.19099814360778478,0.0
0.13201932368861538,1.0
0.5163293972095307,1.0
0.0038664996877536195,0.0
0.30560881282478086,1.0
0.30052093741698505,0.0
0.0016104335375679213,0.0
0.21497980788000992,0.0
0.2275814156362743,0.0
0.032762320246642516,0.0
0.8436044163007929,1.0
0.21497980788000992,0.0
0.18752181062839715,0.0
0.5408477356226773,1.0
0.039442529759529596,0.0
0.06595122044269434,0.0
0.590019433206914,1.0
0.33231898961204603,0.0
0.45185235265160845,1.0
0.4083267653687864,0.0
0.3178018285709022,0.0
0.45262261511871194,0.0
0.13201932368861538,0.0
0.16349367773448956,0.0
0.1388041067456847,0.0
0.09464215818927918,0.0
0.3283362981146331,0.0
0.5329896597309278,1.0
0.14077867815323644,0.0
0.43098207323062315,1.0
0.1938745385759936,0.0
0.001755405046683032,0.0
0.365256102359144,0.0
0.3577325408686987,0.0
0.49185117958753516,1.0
0.2759228955093632,0.0
0.1391503487422876,0.0
0.100738133187788,0.0
0.3322084350032195,0.0
0.09464215818927918,0.0
0.4593547666796754,1.0
0.36456953299068184,1.0
0.6488308035419106,1.0
0.3892304062818056,0.0
0.031442408779145455,0.0
0.04340861876658197,0.0
0.06595122044269434,0.0
0.0017174538119794998,0.0
0.6014093239895432,1.0
0.5566830411840737,0.0
0.08432214043332847,0.0
0.2783148945829055,0.0
0.35693014271110546,1.0
0.7226335175870888,1.0
0.0011937668709012547,0.0
0.25822331380556107,0.0
0.043104225839519957,0.0
0.39698341084004735,0.0
0.19196717748988643,0.0
0.23952032957086108,0.0
0.08812255776372063,0.0
0.044330545909284806,0.0
0.09004876982511707,0.0
0.17623662972100324,0.0
0.9007766656001948,1.0
0.0011937668709012547,0.0
0.005862101386182128,0.0
0.08812255776372063,0.0
0.2794776266152146,0.0
0.3113203630815434,1.0
0.2398627493866059,0.0
0.13598549594978349,0.0
0.09473611784758519,0.0
0.2615245297337348,1.0
0.3792535275628518,1.0
0.4005330256335856,1.0
0.08432214043332847,0.0
0.35450357842302865,0.0
0.2028191516491772,0.0
0.08432214043332847,0.0
0.5554534297292258,0.0
0.669445712444706,1.0
0.7894629930963714,1.0
0.8294774906874943,1.0
0.14596526546993474,0.0
0.28340818963179604,1.0
0.18413057407209765,0.0
0.2578669755423019,1.0
0.005862101386182128,0.0
0.22425459023716318,0.0
0.7132540850960376,1.0
0.4184953117287745,1.0
0.15236542775369094,0.0
0.2486797717422781,0.0
0.12286407129262521,0.0
0.044330545909284806,0.0
0.2276963330210682,0.0
0.4034941306347072,1.0
0.6468785676333544,1.0
0.6686581422854082,1.0
0.1709753175026174,0.0
0.19433068389385558,0.0
0.20264640066236203,0.0
0.09464215818927918,0.0
0.3763831701174331,1.0
0.32453999622664864,1.0
0.21497980788000992,0.0
0.0016104335375679213,0.0
0.8982029120304978,1.0
0.13318247541231532,0.0
0.3520461928677565,0.0
0.5629831096910308,1.0
0.2530540097492858,0.0
0.09464215818927918,0.0
0.10131640054599228,0.0
0.4882941266681072,1.0
0.8077460395720653,1.0
0.3027577260652071,0.0
0.002999585986516146,0.0
0.22487762770186412,0.0
0.34838582260918816,0.0
0.4068889581906608,0.0
0.13201932368861538,0.0
0.5880106602262264,1.0
0.12982056314832344,0.0
0.020649258558154977,0.0
0.11180003721524628,0.0
0.10934364721819748,0.0
0.22721581452720915,0.0
0.28206399163876145,0.0
0.5620197401132387,1.0
0.17912248043328324,0.0
0.58172951096668,1.0
0.34060410321930723,0.0
0.3507366785834278,0.0
0.039442529759529596,0.0
0.0021671818236938126,0.0
0.6125139032564376,0.0
0.40605051667656505,0.0
0.416620375798226,0.0
0.1538158297010656,0.0
0.04988690973835678,0.0
0.001755405046683032,0.0
0.3763831701174331,0.0
0.13201932368861538,0.0
0.3017677925960408,0.0
0.044330545909284806,0.0
0.001165197696709686,0.0
0.08540877476210293,0.0
0.09464215818927918,1.0
0.34249384562927576,1.0
0.5329896597309278,0.0
0.5641543034172867,1.0
0.17388598330133404,0.0
0.044330545909284806,0.0
0.09464215818927918,0.0
0.044330545909284806,0.0
0.09464215818927918,0.0
0.36502111066433846,1.0
0.3921960678069982,1.0
0.032762320246642516,0.0
0.28265425907983394,0.0
0.14109601540277114,0.0
0.027779544675400007,0.0
0.33387507905348784,1.0
0.2864471236394612,1.0
0.49503241595148734,1.0
0.014175066502661447,0.0
0.20907690385610372,0.0
0.558772323136111,1.0
0.1809890297618812,0.0
0.12905107005346614,0.0
0.20334667387264024,0.0
0.13358170356345297,0.0
0.24957311440601052,1.0
0.18812194394966844,0.0
0.22907867128558165,0.0
0.044330545909284806,0.0
0.7313934567559998,1.0
0.4417282086362521,1.0
0.3673490500721117,1.0
0.14052426284023817,0.0
0.020649258558154977,0.0
0.15594261818989336,0.0
0.324613386008504,0.0
0.2875936547500752,0.0
0.23293802047309442,0.0
0.08734557945949646,0.0
0.4160923706012325,1.0
0.17912248043328324,0.0
0.2073639082940374,0.0
0.09464215818927918,0.0
0.2040434147539702,0.0
0.3213085087219432,0.0
0.0028682081807081803,0.0
0.19468115909826153,0.0
0.006997772068040518,0.0
0.08492361898647328,0.0
0.2956286661372026,1.0
0.06744672281432114,0.0
0.18999799339282364,0.0
0.005862101386182128,0.0
0.011575598618854684,0.0
0.1498659000036416,0.0
0.19636059967686711,0.0
0.12298357139418545,0.0
0.36969846895439773,0.0
0.18071327136836673,0.0
0.12368931963650466,0.0
0.09358755690698078,0.0
0.0637907563569328,0.0
0.23064567078304682,0.0
0.6483361327847684,1.0
0.5437815852884054,1.0
0.17708133915988952,0.0
0.21357595739366034,0.0
0.8879417260299612,1.0
0.0028682081807081803,0.0
0.2178307981784217,0.0
0.06605101199016278,0.0
0.5192456124466759,0.0
0.10514683693646186,0.0
0.25702120122324584,1.0
0.4135411882826583,1.0
0.08812255776372063,0.0
0.1676788301239791,0.0
0.04988690973835678,1.0
0.15169955091839593,0.0
0.06605101199016278,0.0
0.15675312230927807,0.0
0.15675312230927807,0.0
0.044330545909284806,0.0
0.13092885237908114,0.0
0.12163947994172453,0.0
0.2554735608013495,0.0
0.6008891054382993,1.0
0.24932480059852827,1.0
0.08176203261722907,0.0
0.5663465705717629,1.0
0.5536575920225788,0.0
0.1617798934174403,0.0
0.09464215818927918,0.0
0.28217632747412785,1.0
0.32190274728324736,0.0
0.4304160189986749,1.0
0.30943707342007776,1.0
0.1656315541120893,0.0
0.4255678483304139,0.0
0.08432214043332847,1.0
0.4353088809845654,0.0
0.0845874453920119,0.0
0.3761001856988595,1.0
0.4175581144613469,0.0
0.09464215818927918,0.0
0.1732207334778617,0.0
0.05194842915664647,0.0
0.1489273204948474,0.0
0.0016104335375679213,0.0
0.14007599352376765,0.0
0.03364529914529914,0.0
0.5066390570723126,1.0
0.0011937668709012547,0.0
0.830841987482566,1.0
0.06558382572402466,0.0
0.1732318855827734,0.0
0.0977202475993088,0.0
0.12236037622789235,0.0
0.4220426415551148,0.0
0.669445712444706,1.0
0.09464215818927918,0.0
0.8436044163007929,1.0
0.15892809384057655,0.0
0.2411902271671713,1.0
0.04988690973835678,0.0
0.16076462054705812,0.0
0.0028682081807081803,0.0
0.5641543034172867,1.0
0.6067772573131393,1.0
0.37747029161193923,0.0
0.08432214043332847,0.0
0.44884552507230097,1.0
0.16358952470873173,0.0
0.014175066502661447,0.0
0.45262261511871194,1.0
0.6351596754600886,1.0
0.08969882192540854,0.0
0.21196597254017904,0.0
0.8990513594025229,1.0
0.5078745596212834,0.0
0.35450357842302865,0.0
0.17912248043328324,0.0
0.49185117958753516,0.0
0.14368139921871242,0.0
0.18815223012055768,0.0
0.07261629423928542,0.0
0.46191559105737506,1.0
0.04988690973835678,0.0
0.09464215818927918,0.0
0.043104225839519957,0.0
0.08812255776372063,0.0
0.19559483739592431,0.0
0.6763834870213663,1.0
0.3308127345775334,1.0
0.006997772068040518,0.0
0.42931120775440035,0.0
0.0951925167066791,0.0
0.4220426415551148,0.0
0.06595122044269434,0.0
0.14878895000309195,0.0
0.308784051955995,0.0
0.08247660453468014,0.0
0.5194971194288989,0.0
0.1032120091218439,0.0
0.05301217331722782,0.0
0.19835056991713343,0.0
0.3625865401041012,0.0
0.04547490537028629,0.0
0.2018072238084654,0.0
0.001165197696709686,0.0
0.18898628582205493,0.0
0.16358952470873173,0.0
0.14178142956311254,0.0
0.07512532414908317,0.0
0.09189514501482965,0.0
0.571241708489575,0.0
0.35882203052960354,0.0
0.6393484329072642,1.0
0.08812255776372063,0.0
0.5233781105549458,0.0
0.09464215818927918,0.0
0.3496973530299115,0.0
0.15724371036301105,0.0
0.29301885671748673,1.0
0.011575598618854684,0.0
0.5446399233514121,1.0
0.011575598618854684,0.0
0.4425452507825034,0.0
0.545873565380197,0.0
0.2747821295819886,0.0
0.5969145386617389,1.0
0.13371028153243866,0.0
0.751030113304667,1.0
0.5831276233653011,1.0
0.5269418121108834,0.0
0.1606830158794917,0.0
0.04988690973835678,0.0
0.1903061499546358,0.0
0.37224121876689226,1.0
0.11646751846007708,0.0
0.6488308035419106,1.0
0.1469935799066203,0.0
0.23052992179132928,0.0
0.364629622228521,1.0
0.006997772068040518,0.0
0.38855884524401263,1.0
0.0962685692438714,0.0
0.1657107659419055,0.0
0.15724371036301105,0.0
0.4886607406106868,1.0
0.06595122044269434,0.0
0.08432214043332847,0.0
0.1636056056085686,0.0
0.13201932368861538,0.0
0.14402404713598035,0.0
0.15751514437763384,0.0
0.416620375798226,0.0
0.09004094027415173,0.0
0.6488039916945059,1.0
0.22952986276383608,0.0
0.06421828363298308,0.0
0.24110327404846535,0.0
0.45710578891845965,1.0
0.02794657914191447,0.0
0.20200105111514452,0.0
0.23250431746221356,0.0
0.15454626137927502,0.0
0.21109463472257597,0.0
0.20124445420420672,0.0
0.0007006067321187214,0.0
0.044330545909284806,0.0
0.15892809384057655,0.0
0.2746636587913158,0.0
0.4000285482735602,1.0
0.08432214043332847,0.0
0.4068889581906608,1.0
0.4311416449645147,1.0
0.40318162180431355,1.0
0.29075477390865023,0.0
0.4487987845869761,1.0
0.18279797137931092,0.0
0.58172951096668,1.0
0.06605101199016278,0.0
0.14462801434423012,0.0
0.2705964635718427,0.0
0.5516546269150151,1.0
0.3807793576814654,0.0
0.4671894923450248,1.0
0.17333292763195562,0.0
0.6488308035419106,1.0
0.3715538935411455,0.0
0.744955331887085,1.0
0.002999585986516146,0.0
0.27344567756206306,1.0
0.12776088437275498,0.0
0.2652898513400647,0.0
0.23611261468915978,0.0
0.33231898961204603,0.0
0.13201932368861538,0.0
0.35450357842302865,1.0
0.1334020901653533,0.0
0.2783148945829055,0.0
0.14230560440283044,0.0
0.34368125530887944,0.0
0.02456334200867734,0.0
0.05715530858030859,0.0
0.07507805987086848,0.0
0.5641543034172867,1.0
0.0011937668709012547,0.0
0.0008966851634912704,0.0
0.17279428792535426,0.0
0.5329896597309278,1.0
0.001755405046683032,0.0
0.04988690973835678,0.0
0.14109601540277114,0.0
0.1278251967609586,0.0
0.4939296488946842,1.0
0.3062484255184161,0.0
0.08812255776372063,0.0
0.48451600836250314,1.0
0.5778653175739499,1.0
0.13598549594978349,0.0
0.12960539706932608,0.0
0.4062210243040254,1.0
0.2633391489634429,0.0
0.044330545909284806,0.0
0.14417868784595012,0.0
0.6302108477473646,1.0
0.0017174538119794998,0.0
0.04340861876658197,0.0
0.5052016620477697,0.0
0.2549056401233925,0.0
0.0008966851634912704,0.0
0.5831276233653011,0.0
0.001165197696709686,0.0
0.20264640066236203,1.0
0.27711549548233705,0.0
0.0973786762198802,0.0
0.751030113304667,1.0
0.006997772068040518,0.0
0.13598549594978349,0.0
0.0007006067321187214,0.0
0.18790257280873593,0.0
0.3290815979005292,1.0
0.0458390951130969,0.0
0.34838582260918816,1.0
0.04340861876658197,0.0
0.13264139547270853,0.0
0.21728402159478308,0.0
0.16060089976808373,0.0
0.0028682081807081803,0.0
0.3723554806126149,0.0
0.35599624678406916,0.0
0.1455214281503519,0.0
0.42203520524849514,1.0
0.4681385667899358,1.0
0.25103596164826797,0.0
0.0021671818236938126,0.0
0.20253826106062214,0.0
0.152941790192609,0.0
0.12298357139418545,0.0
0.17912248043328324,0.0
0.02794657914191447,0.0
0.11636799225384309,0.0
0.9005652680652677,1.0
0.05746322037676423,0.0
0.5831276233653011,1.0
0.2336933003686948,0.0
0.020649258558154977,0.0
0.4417282086362521,0.0
0.09464215818927918,0.0
0.21885175381236943,0.0
0.08812255776372063,0.0
0.032762320246642516,0.0
0.19468115909826153,0.0
0.5329896597309278,0.0
0.5727674181535349,1.0
0.2912746974076464,0.0
0.8313568548448114,1.0
0.031442408779145455,0.0
0.8342851187375324,1.0
0.21416681387755782,0.0
0.08264900949910285,0.0
0.2636358451780463,0.0
0.006658483000018115,0.0
0.0017174538119794998,0.0
0.15724371036301105,1.0
0.2864471236394612,0.0
0.5729256585928214,1.0
0.0038664996877536195,0.0
0.5641543034172867,0.0
0.21202677619613616,0.0
0.4882941266681072,1.0
0.34838582260918816,1.0
0.2788478741675946,0.0
0.3151970449929173,0.0
0.09464215818927918,0.0
0.09273974570109647,0.0
0.12599857646176296,0.0
0.3062484255184161,1.0
0.570811170165736,1.0
0.2615245297337348,0.0
0.21747717169248526,0.0
0.11942592714416639,0.0
0.15690403588673532,0.0
0.22174047634313132,0.0
0.14123386352937353,0.0
0.39300303478355264,0.0
0.8028415142443869,1.0
0.1441660994967379,0.0
0.15707526556895987,0.0
0.34498504532931046,1.0
0.6448249133728777,1.0
0.18027300458513204,0.0
0.48090341475516113,0.0
0.34148157250430283,0.0
0.1515095594566698,0.0
0.011575598618854684,0.0
0.014175066502661447,0.0
0.09480027601064474,0.0
0.4197356961669998,1.0
0.0016104335375679213,0.0
0.011575598618854684,0.0
0.08812255776372063,0.0
0.006997772068040518,0.0
0.3837628441271765,1.0
0.17744486985028254,0.0
0.2127096685069445,0.0
0.014175066502661447,0.0
0.002999585986516146,0.0
0.37555016104498845,1.0
0.4425452507825034,1.0
0.22508295102422252,0.0
0.13201932368861538,0.0
0.05194842915664647,0.0
0.13201932368861538,0.0
0.15892809384057655,0.0
0.09464215818927918,0.0
0.3228654137757693,0.0
0.23328826665191243,0.0
0.22997600987811406,0.0
0.1101556375299284,0.0
0.05408159284054371,0.0
0.047721783672320155,0.0
0.9134436763694701,1.0
0.35450357842302865,0.0
0.2963315702320339,1.0
0.31406754094241196,1.0
0.18385707181428135,0.0
0.06595122044269434,0.0
0.2864471236394612,0.0
0.18220982811105488,0.0
0.006658483000018115,0.0
0.34838582260918816,0.0
0.14692890441476428,0.0
0.1140167072549602,0.0
0.6297657981859881,1.0
0.6763834870213663,1.0
0.23335135390060516,0.0
0.11374944608176388,0.0
0.08812255776372063,1.0
0.169553468454382,0.0
0.13877534248995757,0.0
0.22562268804302274,0.0
0.1187697621181689,0.0
0.3609942475067314,1.0
0.047721783672320155,0.0
0.002999585986516146,0.0
0.0028682081807081803,0.0
0.10401212331370516,0.0
0.14417868784595012,0.0
0.11200625396175058,0.0
0.07807576295497963,0.0
0.2798183587960947,0.0
0.08735931901802255,0.0
0.005878661668322327,0.0
0.17716202915022236,0.0
0.24159690153363436,0.0
0.08563220300517548,0.0
0.14003553170702723,0.0
0.3723394795378953,1.0
0.22653584140653749,0.0
0.2276963330210682,0.0
0.044330545909284806,0.0
0.001755405046683032,0.0
0.5995410919606874,1.0
0.056397276044351706,0.0
0.5118642014285686,1.0
0.1656315541120893,0.0
0.17744486985028254,0.0
0.5641543034172867,1.0
0.058187073276659736,0.0
0.6366714907237975,0.0
0.14417868784595012,0.0
0.18067961346035075,0.0
0.09464215818927918,0.0
0.4681385667899358,0.0
0.9017524344035498,1.0
0.30408736867498526,0.0
0.3330788667709551,0.0
0.4681385667899358,0.0
0.3423953423690499,1.0
0.04988690973835678,0.0
0.0011937668709012547,0.0
0.06872495062734832,0.0
0.2550837482051073,0.0
0.14633334430282632,0.0
0.0038664996877536195,0.0
0.5269418121108834,1.0
0.38742456228108635,0.0
0.21426537198058773,0.0
0.14726338873980932,0.0
0.13264139547270853,0.0
0.0028682081807081803,0.0
0.09464215818927918,0.0
0.05828411850269273,0.0
0.7766477649283843,1.0
0.11368979415333659,0.0
0.2817388170222736,0.0
0.18491409302992637,0.0
0.843965259501685,1.0
0.669445712444706,0.0
0.7250273552699545,1.0
0.12563465673567942,0.0
0.5641543034172867,0.0
0.11830326370265823,0.0
0.029720070651384062,0.0
0.0021671818236938126,0.0
0.06091039038547851,0.0
0.3210254043646282,0.0
0.15060818809404797,0.0
0.08501377290102778,0.0
0.585792952481598,1.0
0.526374640863461,1.0
0.29276057931719723,1.0
0.41456662861947896,1.0
0.5888288100258794,0.0
0.002999585986516146,0.0
0.07607517933998614,0.0
0.19559483739592431,0.0
0.35863481968766997,0.0
0.014175066502661447,0.0
0.10263421762476806,0.0
0.3597891792037672,1.0
0.04174749798840023,0.0
0.27109965560638305,0.0
0.1713492197648563,1.0
0.8027008923120178,1.0
0.3002180451423886,0.0
0.3240084018737546,0.0
0.1530282370866758,0.0
0.08264900949910285,0.0
0.014175066502661447,0.0
0.5513650216450934,0.0
0.08746592672481052,0.0
0.3008990512463686,0.0
0.1187697621181689,0.0
0.0021671818236938126,0.0
0.08432214043332847,0.0
0.19805694070540295,0.0
0.031442408779145455,0.0
0.4897739333631832,0.0
0.13241939374960618,0.0
0.18221438990171399,0.0
0.5723749035974539,1.0
0.3414740984819129,0.0
0.49185117958753516,0.0
0.30943707342007776,0.0
0.6351596754600886,1.0
0.04988690973835678,0.0
0.522500202390328,1.0
0.4410711491558761,1.0
0.005878661668322327,0.0
0.13201932368861538,1.0
0.09235670389483483,0.0
0.49503241595148734,0.0
0.20264640066236203,0.0
0.14109601540277114,1.0
0.5641543034172867,0.0
0.031442408779145455,0.0
0.0028682081807081803,0.0
0.2912144723361894,0.0
0.09464215818927918,0.0
0.5026080153684283,1.0
0.04547490537028629,0.0
0.23107825239742646,0.0
0.15029087267913585,0.0
0.26078737166824767,0.0
0.17496769738094706,0.0
0.0017174538119794998,0.0
0.13201932368861538,0.0
0.8500391371205969,1.0
0.014175066502661447,0.0
0.11629840413486377,0.0
0.2776700751174296,0.0
0.044330545909284806,0.0
0.3921960678069982,0.0
0.3897293954970199,0.0
0.3181423590994336,1.0
0.1405030699148347,0.0
0.45025203144602227,1.0
0.2245435868245531,0.0
0.03732314350445691,0.0
0.13201932368861538,0.0
0.08540877476210293,0.0
0.4568330948964244,1.0
0.6342043184728005,1.0
0.4255678483304139,0.0
0.13521405347960616,0.0
0.22499482535465404,0.0
0.032762320246642516,0.0
0.5599935613313363,1.0
0.006658483000018115,0.0
0.44971013032373347,1.0
0.42688524503329933,0.0
0.37215067459308504,1.0
0.27294886034950444,0.0
0.49503241595148734,0.0
0.5641543034172867,1.0
0.31913715012396454,0.0
0.5827756384236488,1.0
0.18293348752096508,0.0
0.5536575920225788,1.0
0.032762320246642516,0.0
0.2443068118270922,0.0
0.08812255776372063,0.0
0.10000255135451112,0.0
0.002999585986516146,0.0
0.2929829900218409,0.0
0.23107825239742646,0.0
0.1746066478700176,0.0
0.2972124085075507,0.0
0.13598549594978349,0.0
0.49185117958753516,0.0
0.08540877476210293,0.0
0.4590244935871355,1.0
0.08275032701257078,0.0
0.16461656051073778,0.0
0.014175066502661447,0.0
0.1571666855159653,0.0
0.0007006067321187214,0.0
0.020649258558154977,0.0
0.1282927948848331,0.0
0.13330992714136666,0.0
0.17912248043328324,0.0
0.282478525786986,0.0
0.55936882344397,0.0
0.28220282896309307,0.0
0.2615245297337348,0.0
0.5641543034172867,1.0
0.044330545909284806,0.0
0.2859575293409737,0.0
0.22174047634313132,0.0
0.3740759805787592,1.0
0.08432214043332847,0.0
0.17684650443697372,0.0
0.2849149491397489,0.0
0.40251578835551544,1.0
0.42688524503329933,1.0
0.3948865727614957,0.0
0.18080953945298714,0.0
0.25751528876976,0.0
0.1832838159671236,0.0
0.3185025741014112,0.0
0.2976356507921098,1.0
0.11910761188568661,0.0
0.8436044163007929,1.0
0.2912746974076464,0.0
0.24827870153414452,0.0
0.044330545909284806,0.0
0.24298704199322577,0.0
0.30763018290325395,1.0
0.6537883060653981,1.0
0.28097770777375675,1.0
0.6428123503601024,1.0
0.19711680811747676,0.0
0.03442680764566239,0.0
0.1287850702742826,0.0
0.09940288867649717,0.0
0.17476710443229232,0.0
0.20074873590982797,0.0
0.03364529914529914,0.0
0.2087897373420295,0.0
0.8462773737885004,1.0
0.5340743984614338,1.0
0.11430044548829234,0.0
0.17749920202864997,0.0
0.42688524503329933,0.0
0.17405472160851423,0.0
0.669445712444706,0.0
0.043104225839519957,0.0
0.28659933057055337,0.0
0.09464215818927918,0.0
0.09464215818927918,0.0
0.23849015626138945,0.0
0.3131360841241601,1.0
0.21731930502823288,0.0
0.005862101386182128,0.0
0.13330869974234055,0.0
0.08432214043332847,0.0
0.2798183587960947,1.0
0.4255678483304139,1.0
0.11866459731433082,0.0
0.4487987845869761,0.0
0.002999585986516146,0.0
0.5100608425435698,1.0
0.1760893900621213,0.0
0.19010965543961528,0.0
0.4185275693099872,0.0
0.8241150249314919,1.0
0.2896527340840606,1.0
0.34350465524035306,0.0
0.09464215818927918,0.0
0.1807453057086886,0.0
0.06595122044269434,0.0
0.669445712444706,1.0
0.3839651603629404,0.0
0.12619972066127455,0.0
0.10843670293238941,0.0
0.13201932368861538,0.0
0.08247660453468014,0.0
0.34838582260918816,0.0
0.13201932368861538,1.0
0.09464215818927918,1.0
0.005878661668322327,0.0
0.0038664996877536195,0.0
0.21805325009052823,0.0
0.005862101386182128,0.0
0.0028682081807081803,0.0
0.3019740854731182,0.0
0.27098643085855034,1.0
0.33347075678985105,0.0
0.04988690973835678,0.0
0.830548297313692,1.0
0.19080217811660713,0.0
0.13201932368861538,0.0
0.011575598618854684,0.0
0.6488308035419106,1.0
0.47197381818959694,1.0
0.34204744143568466,1.0
0.1674224712655338,0.0
0.41658365855081575,0.0
0.19062903451277044,0.0
0.20310582334461819,0.0
0.13993648908436915,0.0
0.0028682081807081803,0.0
0.33387507905348784,0.0
0.33343270057185226,1.0
0.09464215818927918,0.0
0.3947127546020727,1.0
0.14288500559027156,0.0
0.23069461075395697,0.0
0.08432214043332847,0.0
0.08622437341045262,0.0
0.16759092451506172,0.0
0.41891457186027536,1.0
0.22116702959707127,1.0
0.08264900949910285,0.0
0.3164100792524062,0.0
0.17744486985028254,1.0
0.056397276044351706,0.0
0.5340743984614338,0.0
0.21497980788000992,0.0
0.3022423182906544,0.0
0.5074035088968495,0.0
0.031442408779145455,0.0
0.025172647422152666,0.0
0.0016104335375679213,0.0
0.14109601540277114,0.0
0.36475544705418367,1.0
0.22425459023716318,0.0
0.04285285171164136,0.0
0.6587878451966676,1.0
0.15665396839786444,0.0
0.6122133143482597,1.0
0.5238503327429997,1.0
0.08233089954399858,0.0
0.25019304004851967,0.0
0.006997772068040518,0.0
0.09464215818927918,0.0
0.9200269352230809,1.0
0.1832838159671236,0.0
0.7210423890715454,0.0
0.19797539143537052,0.0
0.5233781105549458,1.0
0.6125139032564376,0.0
0.33343270057185226,0.0
0.15347985150384977,0.0
0.0008966851634912704,0.0
0.044330545909284806,0.0
0.0038664996877536195,0.0
0.08812255776372063,1.0
0.044330545909284806,0.0
0.1319326611882301,0.0
0.35607567096175685,1.0
0.0005170070365327245,0.0
0.0016104335375679213,0.0
0.751030113304667,1.0
0.40177622497199633,0.0
0.08287331118492576,0.0
0.09464215818927918,0.0
0.005862101386182128,0.0
0.2896527340840606,1.0
0.43610974560487215,0.0
0.11482960740979505,0.0
0.0947118921722609,0.0
0.4995172588762706,0.0
0.11200625396175058,0.0
0.09242260072026558,0.0
0.09547456217218193,0.0
0.044330545909284806,0.0
0.0017174538119794998,0.0
0.0029025774770526313,0.0
0.001755405046683032,0.0
0.044330545909284806,0.0
0.1559396319539341,0.0
0.1250637324400371,0.0
0.005862101386182128,0.0
0.15667213337216962,0.0
0.09474857024353932,0.0
0.2783148945829055,1.0
0.05194842915664647,0.0
0.044330545909284806,0.0
0.4448039244158079,0.0
0.24110327404846535,0.0
0.17423359846382758,0.0
0.1364517831697382,0.0
0.23389862377673012,0.0
0.0038664996877536195,0.0
0.03557184405616632,0.0
0.3836408481180205,1.0
0.3597891792037672,0.0
0.0016104335375679213,0.0
0.07202477920438173,0.0
0.14473809453344086,0.0
0.1474522269718598,0.0
0.6558701434393476,1.0
0.05746322037676423,0.0
0.42962129512787406,1.0
0.18186773202431114,0.0
0.12933974154770578,0.0
0.37072897113708064,0.0
0.27098643085855034,0.0
0.08622437341045262,0.0
0.0017174538119794998,0.0
0.4681385667899358,0.0
0.45440521378119947,1.0
0.15871531804490993,0.0
0.2368609006308951,0.0
0.049664287952602394,0.0
0.38142573741964286,1.0
0.15452738417801617,0.0
0.3008990512463686,0.0
0.22052102428622553,0.0
0.4262189663873784,1.0
0.5269418121108834,1.0
0.4885504693620185,1.0
0.5068358971567672,1.0
0.23272603476162848,0.0
0.0008966851634912704,0.0
0.7419269136019184,1.0
0.7681386162331653,1.0
0.17671381452831048,0.0
0.35450357842302865,0.0
0.24672936587774486,0.0
0.9062792691400648,1.0
0.4718037203545103,1.0
0.5709536866984459,1.0
0.11200625396175058,1.0
0.0038664996877536195,0.0
0.27098643085855034,0.0
0.020649258558154977,0.0
0.2912746974076464,0.0
0.1569737306008979,0.0
0.3454479961742784,0.0
0.0017174538119794998,0.0
0.7881687316018522,1.0
0.11665837303979511,0.0
0.8150119306627549,1.0
0.001165197696709686,0.0
0.6517697057869016,1.0
0.42688524503329933,1.0
0.0011937668709012547,0.0
0.751030113304667,1.0
0.5515095720598262,1.0
0.2772835726675442,0.0
0.13201932368861538,0.0
0.2578669755423019,0.0
0.044330545909284806,0.0
0.0973786762198802,0.0
0.031442408779145455,0.0
0.45262261511871194,1.0
0.4743176018565089,0.0
0.09961964989113618,0.0
0.005862101386182128,0.0
0.06873652836612969,0.0
0.002999585986516146,0.0
0.0991082575987232,0.0
0.09464215818927918,0.0
0.38855884524401263,1.0
0.09464215818927918,0.0
0.05833389229234769,0.0
0.23971378670540214,0.0
0.0007006067321187214,0.0
0.06595122044269434,1.0
0.19009701951423308,0.0
0.47314166145259273,0.0
0.20418050228288978,0.0
0.17348281622718298,0.0
0.2621862141274591,0.0
0.5953633063861921,1.0
0.13432574218612534,0.0
0.18455991064621052,0.0
0.29276057931719723,0.0
0.09464215818927918,0.0
0.23389862377673012,1.0
0.0008966851634912704,0.0
0.5329896597309278,0.0
0.22749990784333518,0.0
0.0021671818236938126,0.0
0.20400040161970615,0.0
0.02456334200867734,0.0
0.13201932368861538,0.0
0.16035278055322869,0.0
0.04547490537028629,0.0
0.29800969415527506,0.0
0.2896527340840606,0.0
0.527775931438831,1.0
0.10887996100080675,0.0
0.0017174538119794998,0.0
0.3042679577500569,1.0
0.35766819090744517,0.0
0.35450357842302865,1.0
0.1541545866732868,0.0
0.614087062224586,1.0
0.0021671818236938126,0.0
0.6456170453982517,1.0
0.3809882869968008,0.0
0.49350704434467946,1.0
0.4902495423259926,0.0
0.6125139032564376,1.0
0.08812255776372063,0.0
0.044330545909284806,0.0
0.0837556629475656,0.0
0.08432214043332847,0.0
0.005862101386182128,0.0
0.20356115108032796,0.0
0.08624884571242175,0.0
0.4420647089736328,1.0
0.1943447100487529,0.0
0.06986647255456141,0.0
0.039442529759529596,0.0
0.011575598618854684,0.0
0.13201932368861538,0.0
0.09510691316472973,0.0
0.8027008923120178,1.0
0.04988690973835678,0.0
0.10887996100080675,0.0
0.2835150394762028,0.0
0.2798183587960947,0.0
0.08433656584882072,0.0
0.14333519401363848,0.0
0.185438515975754,0.0
0.12082870850489305,0.0
0.42962129512787406,1.0
0.32593433887604456,0.0
0.09583989133479409,0.0
0.0028682081807081803,0.0
0.060184119577572165,0.0
0.005862101386182128,0.0
0.23367174356287715,0.0
0.0477167039582167,0.0
0.48042025521701487,1.0
0.30674560354700625,1.0
0.4243061086940881,1.0
0.0021671818236938126,0.0
0.27654815687465023,0.0
0.1486872998607557,0.0
0.1510151827082621,0.0
0.13201932368861538,0.0
0.07340181708966158,0.0
0.3134544103411091,1.0
0.2385474425813499,0.0
0.08233089954399858,0.0
0.19007986491376475,0.0
0.08432214043332847,0.0
0.05166965132779627,0.0
0.08675081222320236,0.0
0.0007006067321187214,0.0
0.6975907797336376,1.0
0.3496973530299115,0.0
0.06595122044269434,0.0
0.9341723636485619,1.0
0.14109601540277114,0.0
0.13201932368861538,0.0
0.48983023332500447,0.0
0.9251113737132692,1.0
0.0005170070365327245,0.0
0.419675253139645,0.0
0.09464683031077098,0.0
0.23212047429570276,0.0
0.751030113304667,1.0
0.27098643085855034,0.0
0.0007006067321187214,0.0
0.15740664018448292,0.0
0.22962794666804845,0.0
0.044330545909284806,0.0
0.32875470389140543,1.0
0.044330545909284806,1.0
0.8500391371205969,1.0
0.03327827170958511,0.0
0.20077093331941434,0.0
0.0016104335375679213,0.0
0.014175066502661447,0.0
0.3240084018737546,0.0
0.20562532197244296,0.0
0.7160699395459718,0.0
0.14858926754069807,0.0
0.12816688588810116,0.0
0.24505764487855886,0.0
0.8313568548448114,0.0
0.13993648908436915,0.0
0.10731681442605352,0.0
0.2953499097328537,1.0
0.13045792960697392,0.0
0.18186773202431114,0.0
0.06091039038547851,0.0
0.02456334200867734,0.0
0.09647327357371331,0.0
0.6351596754600886,1.0
0.4220426415551148,1.0
0.09464215818927918,0.0
0.13355669784650737,0.0
0.0005170070365327245,0.0
0.20400040161970615,0.0
0.8322254294711092,1.0
0.12612538149370045,0.0
0.7931655197746423,1.0
0.3008990512463686,1.0
0.08540877476210293,0.0
0.7108578629359318,1.0
0.5641543034172867,1.0
0.8331359686211101,1.0
0.044330545909284806,0.0
0.669445712444706,1.0
0.40312119929849854,0.0
0.06595122044269434,0.0
0.0017174538119794998,0.0
0.3358122160746918,0.0
0.09464215818927918,0.0
0.19935731212957722,0.0
0.4645390597398418,1.0
0.4146640273071847,0.0
0.7564780749455844,1.0
0.13598549594978349,0.0
0.001755405046683032,0.0
0.0985528349166376,0.0
0.1282927948848331,0.0
0.08432214043332847,0.0
0.5329896597309278,1.0
0.5267668375822855,1.0
0.1720485409990106,0.0
0.001165197696709686,0.0
0.0028682081807081803,0.0
0.04340861876658197,0.0
0.3147625458377806,1.0
0.11261799682847136,0.0
0.09464215818927918,0.0
0.17369856679655807,0.0
0.21768629438503367,0.0
0.09242260072026558,0.0
0.09464215818927918,0.0
0.03974099710752734,0.0
0.0017174538119794998,0.0
0.06595122044269434,0.0
0.6505798167406097,1.0
0.44798199179069326,0.0
0.9374209968282705,1.0
0.35882203052960354,0.0
0.0005170070365327245,0.0
0.33350488489955843,0.0
0.12298357139418545,0.0
0.2827654155804579,0.0
0.14769872639656903,0.0
0.03364529914529914,0.0
0.5538842433209907,1.0
0.0017174538119794998,0.0
0.09464215818927918,0.0
0.4681385667899358,1.0
0.21770798123467405,0.0
0.39859600404552875,0.0
0.03974099710752734,0.0
0.29301885671748673,0.0
0.08432214043332847,0.0
0.42795083064731965,1.0
0.006997772068040518,0.0
0.08433656584882072,0.0
0.7971277191117937,1.0
0.6488308035419106,0.0
0.044330545909284806,0.0
0.03364529914529914,0.0
0.004910153234628389,0.0
0.005862101386182128,0.0
0.7964252331171358,1.0
0.2567256978815803,0.0
0.1416236302887757,0.0
0.2936704521619981,0.0
0.5302082572273082,1.0
0.08812255776372063,0.0
0.49185117958753516,0.0
0.12032956926727742,0.0
0.28201183208297786,1.0
0.6125139032564376,0.0
0.11852514417627272,0.0
0.15437824008994733,0.0
0.16038953771222908,0.0
0.05339214575127887,0.0
0.35450357842302865,1.0
0.014175066502661447,0.0
0.5091645570011744,0.0
0.05818837250813238,0.0
0.894062473474238,1.0
0.23304158243496143,0.0
0.13674252185879474,0.0
0.509854347392198,0.0
0.208931183386742,0.0
0.08432214043332847,0.0
0.6347842189461003,1.0
0.16358952470873173,0.0
0.13926597117005507,0.0
0.43836027157643304,1.0
0.24317888762562642,0.0
0.22392799525121818,0.0
0.5109108989878909,1.0
0.22320764977535276,1.0
0.5006622700412069,1.0
0.2912746974076464,0.0
0.2421869962375277,0.0
0.005878661668322327,0.0
0.761023228266049,1.0
0.22699241492676697,0.0
0.19230325544097962,0.0
0.1711249320299938,0.0
0.4255678483304139,0.0
0.4231123763184928,1.0
0.19791062298054177,0.0
0.5554534297292258,1.0
0.2611156239811597,0.0
0.10316072378978498,0.0
0.17383272591890783,0.0
0.5954585771225792,1.0
0.2576534298656558,1.0
0.3961136801415834,1.0
0.24404487577763784,0.0
0.24978689192577547,0.0
0.3880460565474115,0.0
0.4166992859558333,0.0
0.0038664996877536195,0.0
0.8746747983117287,1.0
0.5108604242940019,1.0
0.8920250938692701,1.0
0.09464215818927918,0.0
0.6824253006392016,1.0
0.11564040843344252,0.0
0.2681397913257682,0.0
0.29276057931719723,0.0
0.3375394769715676,1.0
0.894062473474238,1.0
0.8427267383851454,1.0
0.11200625396175058,0.0
0.5773200091066996,1.0
0.04903079735349727,0.0
0.8891150025430795,1.0
0.17684650443697372,0.0
0.2959398754545522,0.0
0.005862101386182128,0.0
0.09464215818927918,0.0
0.18887363688334458,0.0
0.45185235265160845,0.0
0.38355887999531935,1.0
0.1405435725849108,0.0
0.09523633994670867,0.0
0.0028682081807081803,0.0
0.5269418121108834,1.0
0.2295992906227431,0.0
0.031442408779145455,0.0
0.5888288100258794,0.0
0.16363625914404306,0.0
0.7075455148897728,1.0
0.6853757864190865,1.0
0.2855164835897179,0.0
0.5641543034172867,0.0
0.40057401584029384,1.0
0.4984194487535452,1.0
0.13201932368861538,0.0
0.16276224754196456,0.0
0.16226535166019204,0.0
0.29299339374938493,1.0
0.4939296488946842,1.0
0.6125139032564376,1.0
0.26339965733270004,0.0
0.0029025774770526313,0.0
0.0028682081807081803,0.0
0.7167659763280603,1.0
0.15892809384057655,0.0
0.044330545909284806,0.0
0.16358952470873173,0.0
0.2127850542374539,0.0
0.10267003582142446,0.0
0.4324296561525227,1.0
0.21533804937752318,0.0
0.41821404496389936,0.0
0.4902495423259926,1.0
0.5283722830744121,1.0
0.3383571116700745,1.0
0.06605101199016278,0.0
0.2777597415907754,0.0
0.3988411115784322,1.0
0.48273623912447355,0.0
0.5641543034172867,1.0
0.020649258558154977,0.0
0.22062804147601867,0.0
0.4200180499382513,1.0
0.0017174538119794998,0.0
0.08432214043332847,0.0
0.2428344900293919,0.0
0.08812255776372063,0.0
0.45012484893355037,1.0
0.07721756770323199,0.0
0.09464215818927918,0.0
0.04988690973835678,0.0
0.043104225839519957,0.0
0.28686871471473746,0.0
0.12394780158726412,0.0
0.3121972677547938,0.0
0.04988690973835678,0.0
0.16037636118563603,0.0
0.14934082726296236,0.0
0.08812255776372063,0.0
0.365393376791311,1.0
0.0837556629475656,0.0
0.05569368378508185,0.0
0.7612327600803565,1.0
0.22732227444566278,0.0
0.2783148945829055,0.0
0.10755101354493357,0.0
0.2855533929139126,0.0
0.1503671608735505,0.0
0.08432214043332847,0.0
0.20211134140483095,0.0
0.7744091510865379,1.0
0.100738133187788,0.0
0.044330545909284806,0.0
0.24295525819175812,0.0
0.9365731207864185,1.0
0.20546321211934626,0.0
0.08433656584882072,0.0
0.28817995333282614,0.0
0.34244634350666076,1.0
0.1780088162035454,0.0
0.04988690973835678,0.0
0.5816557730100077,1.0
0.044330545909284806,0.0
0.09464215818927918,0.0
0.002999585986516146,0.0
0.5329896597309278,1.0
0.4724064841774832,1.0
0.3959059348756222,1.0
0.044330545909284806,1.0
0.11200625396175058,0.0
0.5329896597309278,0.0
0.125815184021116,0.0
0.09464215818927918,1.0
0.35450357842302865,0.0
0.12133665845275923,0.0
0.1748201074151607,0.0
0.08812255776372063,0.0
0.08194913633749568,0.0
0.07528753731661636,0.0
0.2276963330210682,0.0
0.12298357139418545,0.0
0.30174821483046216,0.0
0.49503241595148734,1.0
0.16244433157700627,0.0
0.5831276233653011,1.0
0.0021671818236938126,0.0
0.044330545909284806,0.0
0.006997772068040518,0.0
0.416620375798226,1.0
0.13355669784650737,0.0
0.05194842915664647,0.0
0.2202860803414576,0.0
0.35450357842302865,0.0
0.09464215818927918,0.0
0.28013517189267567,1.0
0.2302234279453938,0.0
0.12710628021736695,1.0
0.6527774592744809,1.0
0.014175066502661447,0.0
0.006997772068040518,0.0
0.11261799682847136,0.0
0.0837556629475656,0.0
0.071873216909611,0.0
0.5888288100258794,1.0
0.16951609143107496,0.0
0.04988690973835678,0.0
0.13135930689796463,0.0
0.37105965254550244,0.0
0.04547490537028629,0.0
0.2567256978815803,0.0
0.32336375936075873,0.0
0.5415281252543648,1.0
0.08812255776372063,0.0
0.38855884524401263,0.0
0.5566830411840737,1.0
0.2660692349134721,1.0
0.0008966851634912704,0.0
0.0017174538119794998,0.0
0.7210423890715454,0.0
0.05194842915664647,0.0
0.09175365950985145,0.0
0.39903156812159535,1.0
0.12117614212637089,0.0
0.4681385667899358,1.0
0.0973786762198802,0.0
0.5192456124466759,1.0
0.14109601540277114,0.0
0.3952083996015571,0.0
0.3624517516028655,0.0
0.13598549594978349,0.0
0.03732314350445691,0.0
0.21254583778290762,0.0
0.4175581144613469,1.0
0.2577550477851662,0.0
0.001591488111013799,0.0
0.10421506853923404,0.0
0.09464215818927918,0.0
0.09961964989113618,0.0
0.08812255776372063,0.0
0.20074873590982797,0.0
0.09464215818927918,0.0
0.24225489083518023,1.0
0.4430393016082404,1.0
0.044330545909284806,0.0
0.044330545909284806,0.0
0.09024663754909291,0.0
0.8746747983117287,1.0
0.5888288100258794,1.0
0.47858291877512604,1.0
0.044330545909284806,0.0
0.5621796406979862,1.0
0.052218146959659706,0.0
0.26900003991925664,0.0
0.33458644443237123,0.0
0.005878661668322327,0.0
0.14417868784595012,1.0
0.43808827486649304,0.0
0.0028682081807081803,0.0
0.10597087594822635,0.0
0.34537218060333585,1.0
0.40812857179061046,1.0
0.5500160981054208,0.0
0.5418658931763813,1.0
0.005862101386182128,0.0
0.5100608425435698,1.0
0.09464215818927918,1.0
0.25702120122324584,0.0
0.3510382427724049,1.0
0.6144624113235768,1.0
0.37551778114729245,0.0
0.1282927948848331,0.0
0.23345868500794728,0.0
0.16045493344427522,0.0
0.20151991650007212,0.0
0.35528196327019357,0.0
0.5969145386617389,1.0
0.002999585986516146,0.0
0.09516245488641685,0.0
0.20458774645406172,0.0
0.27636517784693193,1.0
0.39122163931163634,1.0
0.23639283577659437,0.0
0.04340861876658197,0.0
0.044330545909284806,0.0
0.14407751255925108,0.0
0.3131360841241601,0.0
0.3362348033099642,1.0
0.001165197696709686,0.0
0.11830326370265823,0.0
0.5641543034172867,0.0
0.3034905934111112,1.0
0.25906670382754515,0.0
0.5888288100258794,1.0
0.031442408779145455,0.0
0.12419725549146103,0.0
0.0021671818236938126,0.0
0.38855884524401263,0.0
0.5330140545340708,1.0
0.7445905704232115,1.0
0.3151720367122373,0.0
0.2783148945829055,0.0
0.5641543034172867,0.0
0.44250895086367686,1.0
0.02794657914191447,0.0
0.4219587416400453,1.0
0.2268976976986236,0.0
0.5081420709883528,0.0
0.5424604949639386,1.0
0.12076491303434532,0.0
0.044330545909284806,0.0
0.2421869962375277,0.0
0.2160279806685455,0.0
0.032762320246642516,0.0
0.08247660453468014,0.0
0.3094713940319209,0.0
0.3240084018737546,0.0
0.33491807887419967,0.0
0.5078745596212834,1.0
0.17912248043328324,1.0
0.044330545909284806,0.0
0.13674252185879474,0.0
0.15336604937149145,0.0
0.15872977820428566,0.0
0.49185117958753516,1.0
0.13241925255940187,0.0
0.42293075876829106,1.0
0.6366714907237975,1.0
0.3090284525204998,0.0
0.5641543034172867,0.0
0.13355669784650737,0.0
0.16116363662000063,0.0
0.4068889581906608,0.0
0.24163947752556378,0.0
0.444410897290388,0.0
0.8891150025430795,1.0
0.2028191516491772,0.0
0.5131846751192998,1.0
0.19542598278206544,0.0
0.30575777788360403,1.0
0.39860698501532177,0.0
0.5613610368369107,1.0
0.044330545909284806,0.0
0.5329896597309278,1.0
0.30195893446595323,1.0
0.11200625396175058,0.0
0.2525239875048702,1.0
0.58172951096668,0.0
0.21497980788000992,1.0
0.7127979098405827,1.0
0.2615245297337348,0.0
0.21522744546052952,0.0
0.2554735608013495,0.0
0.2912746974076464,1.0
0.28040365971277587,1.0
0.22084394376308006,0.0
0.3002180451423886,0.0
0.3355500174193683,0.0
0.4835713990560195,0.0
0.002999585986516146,0.0
0.7033344203368221,1.0
0.21268213068956812,0.0
0.17547700763317073,0.0
0.2984294288994214,0.0
0.032762320246642516,0.0
0.5329896597309278,0.0
0.4365949710977416,1.0
0.64325075787046,1.0
0.1656315541120893,0.0
0.7981229671563742,1.0
0.0985528349166376,0.0
0.5705725926545597,1.0
0.2510709193661183,0.0
0.34161268818059604,0.0
0.13330869974234055,0.0
0.19014941589617693,0.0
0.4755266748075558,1.0
0.6488308035419106,0.0
0.41899548538527087,1.0
0.3657778776945024,1.0
0.002999585986516146,0.0
0.08812255776372063,0.0
0.2606970843033482,0.0
0.4641837587313642,1.0
0.23952032957086108,0.0
0.006997772068040518,0.0
0.12368931963650466,0.0
0.14316699397586719,0.0
0.0921234784960111,0.0
0.22320764977535276,0.0
0.17929157067822332,0.0
0.031442408779145455,0.0
0.830548297313692,1.0
0.1850316251148108,0.0
0.8746747983117287,1.0
0.4159627979430731,0.0
0.11079147109249933,0.0
0.8211440117033634,1.0
0.32577987640384903,0.0
0.2759228955093632,1.0
0.08734557945949646,0.0
0.3463012851160597,0.0
0.03974099710752734,0.0
0.3632405307517853,0.0
0.3694920219199969,1.0
0.526374640863461,0.0
0.23001470056294201,1.0
0.3613017520127667,0.0
0.8123750988924614,1.0
0.039442529759529596,0.0
0.2802025644491058,0.0
0.25702120122324584,0.0
0.1032120091218439,0.0
0.3076645598943964,1.0
0.2872491819218857,1.0
0.10158163907617015,0.0
0.08812255776372063,0.0
0.4804503722264471,1.0
0.13201932368861538,0.0
0.13618507186428316,0.0
0.15208292484611446,0.0
0.34838582260918816,1.0
0.014175066502661447,0.0
0.5575305966787418,0.0
0.2582099185233333,0.0
0.1636056056085686,0.0
0.4687587007026095,1.0
0.2032730426505648,0.0
0.04718571932430837,0.0
0.5329896597309278,1.0
0.03496262522013758,0.0
0.4079729696762558,0.0
0.1456159756398299,0.0
0.014175066502661447,0.0
0.7313934567559998,1.0
0.2237938994269209,0.0
0.16101991777281896,0.0
0.4862700618116362,1.0
0.08432214043332847,0.0
0.08812255776372063,0.0
0.5549881553020616,1.0
0.031442408779145455,0.0
0.17744486985028254,0.0
0.3629406425807526,0.0
0.2759228955093632,0.0
0.1832838159671236,0.0
0.0882099864162233,0.0
0.04718571932430837,0.0
0.1338724112431812,0.0
0.11261799682847136,0.0
0.1147480543732334,0.0
0.2912746974076464,0.0
0.014175066502661447,0.0
0.044330545909284806,0.0
0.5415281252543648,0.0
0.761023228266049,0.0
0.0017174538119794998,0.0
0.09464215818927918,0.0
0.266751553297783,0.0
0.2717964206607815,0.0
0.09464215818927918,0.0
0.044330545909284806,0.0
0.0028682081807081803,0.0
0.2921430137065954,0.0
0.2976078677280069,0.0
0.6979719068779497,1.0
0.4487987845869761,1.0
0.044330545909284806,0.0
0.8027008923120178,1.0
0.2410537279866485,0.0
0.35450357842302865,0.0
0.44156208740720343,0.0
0.07323355284265928,0.0
0.3574391415330042,0.0
0.6662433240902185,1.0
0.0779798330628422,0.0
0.08342749461450726,0.0
0.2976356507921098,0.0
0.29056575806353496,0.0
0.09464215818927918,0.0
0.5888288100258794,1.0
0.05751026015820943,0.0
0.0017174538119794998,0.0
0.3616587528974762,1.0
0.11200625396175058,0.0
0.006997772068040518,0.0
0.04988690973835678,0.0
0.09724661745894309,0.0
0.16465840108631635,0.0
0.22425459023716318,0.0
0.011575598618854684,0.0
0.001165197696709686,0.0
0.2576534298656558,1.0
0.5329896597309278,1.0
0.12494079305926126,0.0
0.5695991674539835,1.0
0.06595122044269434,0.0
0.13674252185879474,0.0
0.2783148945829055,0.0
0.4681385667899358,0.0
0.18720387531562546,1.0
0.10681875747617771,0.0
0.7494126092357345,1.0
0.35450357842302865,0.0
0.27434983852764894,0.0
0.08812255776372063,0.0
0.17834826739685256,0.0
0.32125811368849283,1.0
0.5642624954550539,1.0
0.1437064221844331,0.0
0.3744937991391519,0.0
0.05166965132779627,0.0
0.2882705314152833,0.0
0.9033917307466053,1.0
0.3240084018737546,1.0
0.40041138763235956,0.0
0.06582642026426476,0.0
0.15723585865678544,0.0
0.6509715291757949,1.0
0.23679797723885865,0.0
0.34838582260918816,0.0
0.26772550808804463,0.0
0.20492796323076498,0.0
0.22690702875968286,0.0
0.20187705421083912,0.0
0.2912746974076464,1.0
0.5767842552189623,1.0
0.0029025774770526313,0.0
0.49642944316729737,1.0
0.32887240191739064,0.0
0.0038664996877536195,0.0
0.5329896597309278,0.0
0.30281689160294806,0.0
0.751030113304667,0.0
0.5269418121108834,0.0
0.6255669656283439,1.0
0.08029952017252127,0.0
0.34753723042520657,0.0
0.6575937848791406,1.0
0.19468115909826153,0.0
0.14703643401637498,0.0
0.17973395885628538,0.0
0.4939296488946842,0.0
0.40465773274645417,0.0
0.19531636819038248,0.0
0.14730125379935716,0.0
0.09464215818927918,0.0
0.044330545909284806,0.0
0.6640815445638801,1.0
0.03974099710752734,0.0
0.02794657914191447,0.0
0.5093750215064287,0.0
0.5416928648361067,1.0
0.006997772068040518,0.0
0.04340861876658197,0.0
0.22918216911992478,0.0
0.5566830411840737,1.0
0.20518986178222423,0.0
0.7343943288744113,1.0
0.15724371036301105,0.0
0.044330545909284806,0.0
0.08171708258993444,0.0
0.11710863739075111,0.0
0.37441959142260106,1.0
0.0008966851634912704,0.0
0.4252356702471235,1.0
0.3981052000767966,0.0
0.7138396666701363,1.0
0.5641543034172867,1.0
0.8510356516940587,1.0
0.38518145257077074,1.0
0.12020295671621224,0.0
0.0028682081807081803,0.0
0.3658014910803993,1.0
0.21244927244059597,0.0
0.08812255776372063,0.0
0.36261472092966535,1.0
0.43841211939729136,0.0
0.0942719485458478,0.0
0.0029025774770526313,0.0
0.23465145416799188,0.0
0.669445712444706,0.0
0.5168663195494695,1.0
0.0038664996877536195,0.0
0.7375065648109017,1.0
0.5132163514565254,1.0
0.8077460395720653,1.0
0.2575317657131136,0.0
0.5778296120777866,1.0
0.005862101386182128,0.0
0.2053389496019357,0.0
0.0008966851634912704,0.0
0.07968747498049245,0.0
0.4188241727919913,1.0
0.2873860764458293,0.0
0.14300946922573837,0.0
0.04476966234353625,0.0
0.06595122044269434,0.0
0.2927352173436777,0.0
0.4255678483304139,1.0
0.22320764977535276,0.0
0.14344773403561073,0.0
0.30687844825498695,0.0
0.0028682081807081803,0.0
0.5831276233653011,1.0
0.16510916434210873,0.0
0.33590710776877103,1.0
0.14807762379154263,0.0
0.14417868784595012,0.0
0.5641543034172867,0.0
0.2447269706161842,0.0
0.12784464581904564,0.0
0.2508055650112128,0.0
0.40249390889015707,1.0
0.04988690973835678,0.0
0.6505798167406097,1.0
0.08432214043332847,0.0
0.13598549594978349,1.0
0.38125069498288366,1.0
0.1949043096454537,0.0
0.11723960186666962,0.0
0.3062484255184161,0.0
0.2268976976986236,1.0
0.4914736605316325,1.0
0.03364529914529914,0.0
0.7853961460934229,1.0
0.42849581339387377,1.0
=======
0.09369871806101232,0.0
0.1748870515835364,0.0
0.28318038838721793,0.0
0.4581756980359885,1.0
0.1173646585069758,0.0
0.008646125579861249,0.0
0.04584863008194808,0.0
0.09171885113888742,0.0
0.16552449345290157,0.0
0.905257621911354,1.0
0.6541009855176186,1.0
0.8002115589060178,1.0
0.18307597733871275,0.0
0.5590064003834198,1.0
0.2890689438837012,0.0
0.10394512514525134,0.0
0.48239989408467454,1.0
0.04584863008194808,0.0
0.17561770012165076,0.0
0.45696352769548826,0.0
0.22297189771785272,1.0
0.699500757110827,1.0
0.004933096908607962,0.0
0.2108040524497646,0.0
0.37209764353317143,0.0
0.16026743176738661,0.0
0.14375544064318993,0.0
0.344986138485427,0.0
0.46005659234720325,0.0
0.006333535801424679,0.0
0.20726956871219268,0.0
0.18605413333573492,0.0
0.15844971545411984,0.0
0.4908474827572204,1.0
0.23951738152471996,1.0
0.7096665736791249,1.0
0.16561030445835304,0.0
0.4240637860097948,0.0
0.23709227088724966,0.0
0.40899617476382955,0.0
0.09171885113888742,0.0
0.3526173183959591,0.0
0.40941104386252486,1.0
0.22852510929284695,1.0
0.0027141315595867986,0.0
0.09171885113888742,0.0
0.35866054911437995,0.0
0.38502899279559316,0.0
0.22317236960574124,0.0
0.10838448850536914,0.0
0.06284961258853343,0.0
0.10555493738867684,0.0
0.006333535801424679,0.0
0.38642018743905915,0.0
0.3186398359175106,0.0
0.004933096908607962,0.0
0.19644411575147816,0.0
0.4302640966395382,1.0
0.22521797008618935,0.0
0.05650666381653384,0.0
0.051931498509477494,0.0
0.0710539695428721,0.0
0.25221248629223453,0.0
0.14346136585469965,0.0
0.24026825617824651,0.0
0.04584863008194808,0.0
0.20251396693521226,1.0
0.45396505907482043,1.0
0.07002539033828753,0.0
0.04584863008194808,0.0
0.22319506405034673,0.0
0.007140158521885087,0.0
0.30201248112050605,0.0
0.16406067059457186,0.0
0.5033375194631994,1.0
0.008646125579861249,0.0
0.20294469097216505,0.0
0.35207058165923255,1.0
0.16170322100794693,0.0
0.10743985611684721,0.0
0.17810612683679797,0.0
0.11222507674048639,0.0
0.42410642649284297,0.0
0.46715630284753723,0.0
0.7666100673316797,1.0
0.31016869421447446,1.0
0.47445024229030786,0.0
0.1761874835416325,0.0
0.1308521102771131,0.0
0.016568990309630147,0.0
0.008646125579861249,0.0
0.04584863008194808,0.0
0.180473110082781,0.0
0.008646125579861249,0.0
0.3590069338955991,1.0
0.44635487724776085,1.0
0.9341648090683735,1.0
0.8313762700159222,1.0
0.008646125579861249,0.0
0.06179785551287259,0.0
0.8323774553550513,1.0
0.04584863008194808,0.0
0.38131819802876377,1.0
0.11828934022009353,0.0
0.2735048097298808,0.0
0.6880407887754915,1.0
0.25133080192607354,0.0
0.8378791904694318,1.0
0.056388944779719424,0.0
0.13366762053407932,0.0
0.09369871806101232,0.0
0.4556417132737879,1.0
0.18990217430692558,0.0
0.08606805930263073,0.0
0.008646125579861249,0.0
0.1536920133723375,0.0
0.044104103201881475,0.0
0.2144878493417471,0.0
0.484085308077927,1.0
0.000976155028154605,0.0
0.09171885113888742,0.0
0.003836588304029056,0.0
0.04584863008194808,0.0
0.20294469097216505,1.0
0.05563507662622065,0.0
0.08606805930263073,0.0
0.22031103063364837,0.0
0.14405009556499412,0.0
0.6854928045235361,1.0
0.8751237113692707,1.0
0.0005199510727866056,0.0
0.2635419965681749,0.0
0.251523325790304,1.0
0.016568990309630147,0.0
0.47200517724042806,1.0
0.4390572717065676,1.0
0.39754652662590517,0.0
0.28689701127541783,1.0
0.4903823836464251,1.0
0.524042462490869,1.0
0.9493150759035061,1.0
0.10027617287977603,0.0
0.14397683059592833,0.0
0.2007814947671347,0.0
0.2606971930827618,0.0
0.23098257162310926,0.0
0.11222507674048639,0.0
0.27177206762387446,0.0
0.3614200566382714,1.0
0.524042462490869,1.0
0.006333535801424679,0.0
0.20805185413337587,0.0
0.36183929040404517,1.0
0.15834365322929464,0.0
0.6947614054512941,1.0
0.4733155028456996,0.0
0.5628356476989452,0.0
0.04579049054706436,0.0
0.46855555549918565,0.0
0.3590069338955991,0.0
0.33196268189458517,0.0
0.1566365433762621,0.0
0.46005659234720325,1.0
0.4761641677722121,1.0
0.6180169094157131,1.0
0.3614494061191589,1.0
0.05650666381653384,0.0
0.25649306814636885,0.0
0.38370972575150974,1.0
0.2354501966454495,0.0
0.04584863008194808,0.0
0.2761128590133486,1.0
0.5067838092787543,0.0
0.15437460859592284,0.0
0.04584863008194808,0.0
0.0005199510727866056,0.0
0.0007469883614879383,0.0
0.4699655591397143,0.0
0.14361034957192664,0.0
0.3433721790882272,0.0
0.636466949687238,1.0
0.08606805930263073,0.0
0.7609070921037399,1.0
0.44628277732282584,1.0
0.6688000023842521,1.0
0.08606805930263073,0.0
0.26010151747239135,0.0
0.16642826387548845,0.0
0.8378791904694318,1.0
0.1650349978735084,0.0
0.21723729266084038,0.0
0.24021500063865697,0.0
0.1420771564866069,0.0
0.7751095152925292,1.0
0.08606805930263073,0.0
0.24813771357855152,0.0
0.2690305893589188,1.0
0.2506777830831919,0.0
0.5067838092787543,1.0
0.1467912518375496,0.0
0.004933096908607962,0.0
0.2355810538824318,0.0
0.0940786607851308,0.0
0.40741836267008125,1.0
0.07615617185751247,0.0
0.2500753504836803,0.0
0.09976525298660764,0.0
0.46005659234720325,0.0
0.5425620835040661,1.0
0.21771350582063126,0.0
0.021899532194577073,0.0
0.0005199510727866056,0.0
0.29273195605101765,0.0
0.457926539830172,1.0
0.4989035480243158,1.0
0.42363367041048094,0.0
0.14929024856218323,0.0
0.000976155028154605,0.0
0.09171885113888742,0.0
0.23694673003321584,1.0
0.2711008840113064,0.0
0.3819910673687208,1.0
0.05276214123061236,0.0
0.08606805930263073,0.0
0.002244646964478338,0.0
0.5303489862243924,1.0
0.1164428976698454,0.0
0.2708753213898663,0.0
0.38030730491831954,1.0
0.1959285900474658,0.0
0.11749895879432348,0.0
0.3746294162513666,1.0
0.1574754466054895,0.0
0.12154246953900072,0.0
0.218649364381108,0.0
0.02054440297512804,0.0
0.1609223541143945,0.0
0.1727167592200701,0.0
0.2506777830831919,0.0
0.05276214123061236,0.0
0.41561605662579837,1.0
0.22317236960574124,0.0
0.1164428976698454,1.0
0.4371881407387026,1.0
0.006333535801424679,0.0
0.28596957579865406,1.0
0.2727160876055775,0.0
0.0005199510727866056,0.0
0.194609999172744,0.0
0.18272732964024677,0.0
0.09395465971098316,0.0
0.8378791904694318,1.0
0.194609999172744,0.0
0.22761854020093977,0.0
0.4782876099282195,1.0
0.09976525298660764,0.0
0.07113310413819153,0.0
0.571197445071715,1.0
0.35456314612438944,0.0
0.46715630284753723,1.0
0.4308406924366485,0.0
0.37669984175284993,0.0
0.4316338830373422,0.0
0.1164428976698454,0.0
0.19132214081796203,0.0
0.16275134163454597,0.0
0.09171885113888742,0.0
0.2719406819215818,0.0
0.5033375194631994,1.0
0.17386197283205887,0.0
0.29528169863971565,1.0
0.22010350730739767,0.0
0.002244646964478338,0.0
0.3714315029900185,0.0
0.28844844616789556,0.0
0.5492186148736701,1.0
0.2566767865777918,0.0
0.17123666624311035,0.0
0.14207396252801696,0.0
0.2870476195823322,0.0
0.09171885113888742,0.0
0.4240965482561301,1.0
0.26931171366307205,1.0
0.6196041233207303,1.0
0.37352807141326394,0.0
0.09199156340602244,0.0
0.12576412234689469,0.0
0.07113310413819153,0.0
0.0005199510727866056,0.0
0.4761641677722121,1.0
0.4923579850100667,0.0
0.08606805930263073,0.0
0.30620545442511216,0.0
0.33082998268363795,1.0
0.7832458763327543,1.0
0.0005199510727866056,0.0
0.28684067114236833,0.0
0.044104103201881475,0.0
0.4205220304235661,0.0
0.18303600237910905,0.0
0.285878021042448,0.0
0.11222507674048639,0.0
0.04584863008194808,0.0
0.1296366077760155,0.0
0.19475715077113287,0.0
0.9041095504185305,1.0
0.0005199510727866056,0.0
0.056388944779719424,0.0
0.11222507674048639,0.0
0.3194277351207418,0.0
0.2794768823581057,1.0
0.31000472150905223,0.0
0.1402722936668429,0.0
0.1494401120849969,0.0
0.2622120407528677,1.0
0.346989599966047,1.0
0.3417015671495466,1.0
0.08606805930263073,0.0
0.3614494061191589,0.0
0.2571760348702434,0.0
0.08606805930263073,0.0
0.5174841779859882,0.0
0.6688000023842521,1.0
0.8323774553550513,1.0
0.8298620811072379,1.0
0.1323425330804783,0.0
0.2054122844206463,1.0
0.20613149108705403,0.0
0.20055214683733677,1.0
0.056388944779719424,0.0
0.2890689438837012,0.0
0.6870021758197482,1.0
0.315874632439473,1.0
0.13963045267928015,0.0
0.206575378477501,0.0
0.1003403312105648,0.0
0.04584863008194808,0.0
0.2878720307070724,0.0
0.2526376071350951,1.0
0.6318612398609639,1.0
0.6639128287028463,1.0
0.2031789799997803,0.0
0.24209215285989466,0.0
0.23847444357439848,0.0
0.09171885113888742,0.0
0.28689701127541783,1.0
0.3036326830525043,1.0
0.194609999172744,0.0
0.0005199510727866056,0.0
0.8970956130773409,1.0
0.18527668613748285,0.0
0.37627855015192113,0.0
0.5110938125347553,1.0
0.2505452897324444,0.0
0.09171885113888742,0.0
0.15117814930665394,0.0
0.4381082565207769,1.0
0.7640044734077744,1.0
0.34829939299510604,0.0
0.0027141315595867986,0.0
0.25506489599812704,0.0
0.3256397103917643,0.0
0.40732790485974746,0.0
0.1164428976698454,0.0
0.5921427463360527,1.0
0.1502396189426598,0.0
0.02054440297512804,0.0
0.08790862860668314,0.0
0.15864715498503995,0.0
0.27177206762387446,0.0
0.2742039418378597,0.0
0.5365277390718749,1.0
0.21857093996119276,0.0
0.452571386376027,1.0
0.36915717823026406,0.0
0.3744204575308949,0.0
0.09976525298660764,0.0
0.004933096908607962,0.0
0.6489474795945129,0.0
0.41257858586174584,0.0
0.40994550377104466,0.0
0.2227213864019448,0.0
0.05276214123061236,0.0
0.002244646964478338,0.0
0.28689701127541783,0.0
0.1164428976698454,0.0
0.3582446735053821,0.0
0.04584863008194808,0.0
0.000976155028154605,0.0
0.16170322100794693,0.0
0.09171885113888742,1.0
0.29407463880504897,1.0
0.5033375194631994,0.0
0.524042462490869,1.0
0.2156855844225892,0.0
0.04584863008194808,0.0
0.09171885113888742,0.0
0.04584863008194808,0.0
0.09171885113888742,0.0
0.26748100478218284,1.0
0.3175313642409077,1.0
0.09395465971098316,0.0
0.3051317026817197,0.0
0.13859261589303315,0.0
0.04790238443390446,0.0
0.2954438644408894,1.0
0.26827008310612016,1.0
0.4138221821065301,1.0
0.06287445679906006,0.0
0.26530550988394086,0.0
0.5309412742074202,1.0
0.23513319908643304,0.0
0.17842652218789457,0.0
0.18856774307259105,0.0
0.1523360167295986,0.0
0.2351279212003167,1.0
0.2145393723188608,0.0
0.251523325790304,0.0
0.04584863008194808,0.0
0.7666100673316797,1.0
0.3996999388022067,1.0
0.29676748430696803,1.0
0.15882600398198923,0.0
0.02054440297512804,0.0
0.19436916025086998,0.0
0.3336060390856727,0.0
0.2959851457081762,0.0
0.23133194747198907,0.0
0.1425187958317915,0.0
0.3052839814198508,1.0
0.21857093996119276,0.0
0.25122397501592497,0.0
0.09171885113888742,0.0
0.1938986454734934,0.0
0.35050777589931426,0.0
0.008646125579861249,0.0
0.2708753213898663,0.0
0.009274992479056405,0.0
0.11568920810369938,0.0
0.24906591914655427,1.0
0.08039638452030642,0.0
0.15338906289236506,0.0
0.056388944779719424,0.0
0.016568990309630147,0.0
0.21145425063711687,0.0
0.25385134529238174,0.0
0.16247004929038433,0.0
0.4199796332734815,0.0
0.21858023352597075,0.0
0.10891289490803178,0.0
0.06855614175814984,0.0
0.10667338621784746,0.0
0.2883580621988136,0.0
0.5051379674075147,1.0
0.5576873352182284,1.0
0.15342334050094117,0.0
0.27279775158923464,0.0
0.9057489139323733,1.0
0.008646125579861249,0.0
0.20387196062510515,0.0
0.1268937637934998,0.0
0.39165842323838945,0.0
0.14184151435554523,0.0
0.25339608245846823,1.0
0.3031421652758537,1.0
0.11222507674048639,0.0
0.194847789725426,0.0
0.05276214123061236,1.0
0.2066824020218171,0.0
0.1268937637934998,0.0
0.21844540795124864,0.0
0.21844540795124864,0.0
0.04584863008194808,0.0
0.14324976789853158,0.0
0.1479104511819931,0.0
0.28945551318400947,0.0
0.5372784910794915,1.0
0.2176502828482641,1.0
0.0913304534965719,0.0
0.45846923905425785,1.0
0.5608500046891574,0.0
0.19620037545767618,0.0
0.09171885113888742,0.0
0.22931599221303509,1.0
0.34900758989830455,0.0
0.3764275275127508,1.0
0.25853419172941583,1.0
0.17276585122412386,0.0
0.46005659234720325,0.0
0.08606805930263073,1.0
0.43840675074148955,0.0
0.10718733205600635,0.0
0.3406027802423739,1.0
0.4099088512175624,0.0
0.09171885113888742,0.0
0.14501628397629435,0.0
0.035661015563167565,0.0
0.2278766615242419,0.0
0.0005199510727866056,0.0
0.19234311347390748,0.0
0.05563507662622065,0.0
0.4845034753232623,1.0
0.0005199510727866056,0.0
0.8628925867604897,1.0
0.06017905493611276,0.0
0.13693472254306616,0.0
0.1659885169972083,0.0
0.1526061317421809,0.0
0.38236885253543074,0.0
0.6688000023842521,1.0
0.09171885113888742,0.0
0.8378791904694318,1.0
0.16503131305787547,0.0
0.24244264948283362,1.0
0.05276214123061236,0.0
0.22129927234230595,0.0
0.008646125579861249,0.0
0.524042462490869,1.0
0.5154953420178517,1.0
0.33833526371854356,0.0
0.08606805930263073,0.0
0.393730046918426,1.0
0.2118524729084371,0.0
0.06287445679906006,0.0
0.4316338830373422,1.0
0.4542251158576034,1.0
0.15334963717127162,0.0
0.21146426282327188,0.0
0.9234140987818431,1.0
0.526699902350719,0.0
0.3614494061191589,0.0
0.21857093996119276,0.0
0.5492186148736701,0.0
0.2574986025212077,0.0
0.2253489390893688,0.0
0.10396969774967102,0.0
0.4076943940790425,1.0
0.05276214123061236,0.0
0.09171885113888742,0.0
0.044104103201881475,0.0
0.11222507674048639,0.0
0.20626239753312117,0.0
0.6602604624192046,1.0
0.2419169439968719,1.0
0.009274992479056405,0.0
0.464908117851065,0.0
0.11400086475808525,0.0
0.38236885253543074,0.0
0.07113310413819153,0.0
0.18438912797637255,0.0
0.31304905098480573,0.0
0.13428926073449793,0.0
0.5708285867166911,0.0
0.16419598876664027,0.0
0.09106709985358019,0.0
0.23060777195279258,0.0
0.26680267502778215,0.0
0.04453526921662159,0.0
0.2151213541393676,0.0
0.000976155028154605,0.0
0.19837444026618062,0.0
0.2118524729084371,0.0
0.17480833444705512,0.0
0.13523021874136953,0.0
0.1204483010823466,0.0
0.6165641447383999,0.0
0.3165026475757075,0.0
0.5407124782543908,1.0
0.11222507674048639,0.0
0.40741836267008125,0.0
0.09171885113888742,0.0
0.39708712814628966,0.0
0.16181839314374333,0.0
0.21154910840270194,1.0
0.016568990309630147,0.0
0.5091791811653866,1.0
0.016568990309630147,0.0
0.4630644038237054,0.0
0.6277004440158978,0.0
0.29172231967124207,0.0
0.5635151392606502,1.0
0.16818549655875514,0.0
0.7110284516796902,1.0
0.47445024229030786,1.0
0.42081987838676205,0.0
0.17728093872215667,0.0
0.05276214123061236,0.0
0.2375978008809696,0.0
0.24160317456445918,1.0
0.15047998849731564,0.0
0.6196041233207303,1.0
0.16920309003446676,0.0
0.2706054874295548,0.0
0.37776730603553754,1.0
0.009274992479056405,0.0
0.36467196668103574,1.0
0.08300764141781096,0.0
0.1968926791065146,0.0
0.16181839314374333,0.0
0.4062966050360087,1.0
0.07113310413819153,0.0
0.08606805930263073,0.0
0.22521797008618935,0.0
0.1164428976698454,0.0
0.20679139845518701,0.0
0.1279831028136281,0.0
0.40994550377104466,0.0
0.12708508141994954,0.0
0.6262710184019818,1.0
0.24458648201922145,0.0
0.11532217405638338,0.0
0.22588096558485582,0.0
0.378632264715711,1.0
0.07942404831374066,0.0
0.1301276853395989,0.0
0.22220653044379263,0.0
0.18334322743706835,0.0
0.2018121724026875,0.0
0.21032219387598897,0.0
0.003836588304029056,0.0
0.04584863008194808,0.0
0.16503131305787547,0.0
0.26018317597908314,0.0
0.33949935594019176,1.0
0.08606805930263073,0.0
0.40732790485974746,1.0
0.3077423844488196,1.0
0.33288313748871096,1.0
0.34316166035947965,0.0
0.4733155028456996,1.0
0.16843345013127334,0.0
0.452571386376027,1.0
0.1268937637934998,0.0
0.12404085434133685,0.0
0.2513858194586971,0.0
0.4687262238366101,1.0
0.4096001261176135,0.0
0.47930329392984317,1.0
0.22797086629302157,0.0
0.6196041233207303,1.0
0.33231097091383743,0.0
0.7019665952933732,1.0
0.0027141315595867986,0.0
0.20461261726276525,1.0
0.20574800583072342,0.0
0.24773837249695105,0.0
0.21349746736652,0.0
0.35456314612438944,0.0
0.1164428976698454,0.0
0.3614494061191589,1.0
0.1300567102413312,0.0
0.30620545442511216,0.0
0.14108471695359306,0.0
0.25318401820784425,0.0
0.07615617185751247,0.0
0.05112398076702417,0.0
0.10643452883666531,0.0
0.524042462490869,1.0
0.0005199510727866056,0.0
0.0007469883614879383,0.0
0.1595097990113412,0.0
0.5033375194631994,1.0
0.002244646964478338,0.0
0.05276214123061236,0.0
0.13859261589303315,0.0
0.14253664678669975,0.0
0.46855555549918565,1.0
0.3119156393792738,0.0
0.11222507674048639,0.0
0.4032169112472183,1.0
0.5657891516968596,1.0
0.1402722936668429,0.0
0.23032179245366502,0.0
0.32643325350562413,1.0
0.23724306435357442,0.0
0.04584863008194808,0.0
0.12428847408934356,0.0
0.4581756980359885,1.0
0.0005199510727866056,0.0
0.12576412234689469,0.0
0.42488382067229546,0.0
0.323883873972725,0.0
0.0007469883614879383,0.0
0.47445024229030786,0.0
0.000976155028154605,0.0
0.23847444357439848,1.0
0.32226761842678314,0.0
0.12229524397402476,0.0
0.7110284516796902,1.0
0.009274992479056405,0.0
0.1402722936668429,0.0
0.003836588304029056,0.0
0.23591457962130127,0.0
0.2678831205131493,1.0
0.05034816517614416,0.0
0.3256397103917643,1.0
0.12576412234689469,0.0
0.14405009556499412,0.0
0.1996979826169834,0.0
0.1803797310467958,0.0
0.008646125579861249,0.0
0.39277080124455643,0.0
0.36620334414351113,0.0
0.18886685300975373,0.0
0.4091696952640153,1.0
0.389778392502863,1.0
0.23478223885439906,0.0
0.004933096908607962,0.0
0.1831580389638617,0.0
0.2473584920871778,0.0
0.16247004929038433,0.0
0.21857093996119276,0.0
0.07942404831374066,0.0
0.1963065014047028,0.0
0.905257621911354,1.0
0.06284961258853343,0.0
0.47445024229030786,1.0
0.22606206379750227,0.0
0.02054440297512804,0.0
0.3996999388022067,0.0
0.09171885113888742,0.0
0.24386245555737443,0.0
0.11222507674048639,0.0
0.09395465971098316,0.0
0.2708753213898663,0.0
0.5033375194631994,0.0
0.47829681545988734,1.0
0.3087271110250601,0.0
0.8313762700159222,1.0
0.09199156340602244,0.0
0.8628175718336315,1.0
0.26001809379346685,0.0
0.0710539695428721,0.0
0.271673111857049,0.0
0.007140158521885087,0.0
0.0005199510727866056,0.0
0.16181839314374333,1.0
0.26827008310612016,0.0
0.5034282750920945,1.0
0.006333535801424679,0.0
0.524042462490869,0.0
0.18820511435154186,0.0
0.4381082565207769,1.0
0.3256397103917643,1.0
0.3145544418155197,0.0
0.31692821093706547,0.0
0.09171885113888742,0.0
0.11171438683886122,0.0
0.14023895449956414,0.0
0.3119156393792738,1.0
0.5580854866886715,1.0
0.2622120407528677,0.0
0.24873086145578874,0.0
0.14150150692369554,0.0
0.1650349978735084,0.0
0.19129535236747355,0.0
0.17515374230698516,0.0
0.34652666505971674,0.0
0.7451844294172584,1.0
0.17756233128998228,0.0
0.19974425878844504,0.0
0.2812284491036126,1.0
0.5865221929221142,1.0
0.18267612883433773,0.0
0.44032686300452595,0.0
0.28197742390648967,0.0
0.15952576097197463,0.0
0.016568990309630147,0.0
0.06287445679906006,0.0
0.14448301669110555,0.0
0.24832664192823997,1.0
0.0005199510727866056,0.0
0.016568990309630147,0.0
0.11222507674048639,0.0
0.009274992479056405,0.0
0.3933866353077877,1.0
0.157283423565935,0.0
0.3003872801377518,0.0
0.06287445679906006,0.0
0.0027141315595867986,0.0
0.2903404672054332,1.0
0.4630644038237054,1.0
0.25967561780355347,0.0
0.1164428976698454,0.0
0.035661015563167565,0.0
0.1164428976698454,0.0
0.16503131305787547,0.0
0.09171885113888742,0.0
0.3212980206638399,0.0
0.23116243570948355,0.0
0.24304271498668523,0.0
0.0955815211827273,0.0
0.10002769958168749,0.0
0.10838448850536914,0.0
0.9547171419511216,1.0
0.3614494061191589,0.0
0.24983633947070222,1.0
0.3181492459798128,1.0
0.21874989027492667,0.0
0.07113310413819153,0.0
0.26827008310612016,0.0
0.18413835314220234,0.0
0.007140158521885087,0.0
0.3256397103917643,0.0
0.15967162888392533,0.0
0.1956143891101528,0.0
0.6562900656948031,1.0
0.6602604624192046,1.0
0.2852327774654678,0.0
0.15417114537923518,0.0
0.11222507674048639,1.0
0.12831438116066787,0.0
0.15014654431130925,0.0
0.21333851042534246,0.0
0.12330107432445724,0.0
0.3198459724154021,1.0
0.10838448850536914,0.0
0.0027141315595867986,0.0
0.008646125579861249,0.0
0.1342404884837059,0.0
0.12428847408934356,0.0
0.09369871806101232,0.0
0.1367253596419399,0.0
0.3030791766467906,0.0
0.10879474048258826,0.0
0.008499407996472553,0.0
0.16017017575828407,0.0
0.26317292291799377,0.0
0.0879765051483134,0.0
0.16568617831208357,0.0
0.3142318268103735,1.0
0.20613926798304394,0.0
0.2878720307070724,0.0
0.04584863008194808,0.0
0.002244646964478338,0.0
0.535088149299921,1.0
0.1279448519054952,0.0
0.5067838092787543,1.0
0.17276585122412386,0.0
0.157283423565935,0.0
0.524042462490869,1.0
0.10389123295791924,0.0
0.6383460765834257,0.0
0.12428847408934356,0.0
0.19617174270699814,0.0
0.09171885113888742,0.0
0.389778392502863,0.0
0.8974884702201981,1.0
0.26647826110635364,0.0
0.2774394107437561,0.0
0.389778392502863,0.0
0.38355628249653667,1.0
0.05276214123061236,0.0
0.0005199510727866056,0.0
0.08413877021322815,0.0
0.21909627110244362,0.0
0.18726112053722818,0.0
0.006333535801424679,0.0
0.42081987838676205,1.0
0.3660790301640299,0.0
0.2547114707461089,0.0
0.16409364487939954,0.0
0.14405009556499412,0.0
0.008646125579861249,0.0
0.09171885113888742,0.0
0.05360138845944304,0.0
0.800716475803199,1.0
0.20089578106100173,0.0
0.30530111004018856,0.0
0.19992157518704798,0.0
0.8551131681062695,1.0
0.6688000023842521,0.0
0.6988318619915447,1.0
0.17484319807516668,0.0
0.524042462490869,0.0
0.10437183606231587,0.0
0.032908720335347384,0.0
0.004933096908607962,0.0
0.10836230439411629,0.0
0.30218352249326197,0.0
0.1556244246923957,0.0
0.1129005735174506,0.0
0.5764094209745075,1.0
0.4993249592554126,1.0
0.24127960561294629,1.0
0.3574032668881583,1.0
0.5206647187687071,0.0
0.0027141315595867986,0.0
0.11140494853830754,0.0
0.20626239753312117,0.0
0.3506652099988247,0.0
0.06287445679906006,0.0
0.12119576136146977,0.0
0.3797750223442531,1.0
0.10342885571163825,0.0
0.2711068993164871,0.0
0.16114331446226146,1.0
0.7590142291580193,1.0
0.27552512816640196,0.0
0.3033156495650882,0.0
0.17336518797535055,0.0
0.0710539695428721,0.0
0.06287445679906006,0.0
0.4780041459396326,0.0
0.12587847375723926,0.0
0.314253970792194,0.0
0.12330107432445724,0.0
0.004933096908607962,0.0
0.08606805930263073,0.0
0.19674522797602467,0.0
0.09199156340602244,0.0
0.4603615105983236,0.0
0.1618503463753844,0.0
0.25348611913606633,0.0
0.6360571560408649,1.0
0.36997089806175715,0.0
0.5492186148736701,0.0
0.25853419172941583,0.0
0.4542251158576034,1.0
0.05276214123061236,0.0
0.5048215694537649,1.0
0.35756805393542074,1.0
0.008499407996472553,0.0
0.1164428976698454,1.0
0.10027276661556873,0.0
0.4138221821065301,0.0
0.23847444357439848,0.0
0.13859261589303315,1.0
0.524042462490869,0.0
0.09199156340602244,0.0
0.008646125579861249,0.0
0.3469379909142826,0.0
0.09171885113888742,0.0
0.4731601489789486,1.0
0.04453526921662159,0.0
0.2842651769207818,0.0
0.13958926493981655,0.0
0.2630449633685883,0.0
0.15988775925872253,0.0
0.0005199510727866056,0.0
0.1164428976698454,0.0
0.8484069538138609,1.0
0.06287445679906006,0.0
0.16966616393088713,0.0
0.24433791487825446,0.0
0.04584863008194808,0.0
0.3175313642409077,0.0
0.4246396742601392,0.0
0.2242638270080843,1.0
0.14779037844890103,0.0
0.33706130241931825,1.0
0.269567995318315,0.0
0.03272909848660789,0.0
0.1164428976698454,0.0
0.16170322100794693,0.0
0.40996612420539014,1.0
0.6905965811313686,1.0
0.46005659234720325,0.0
0.13278601582919453,0.0
0.1959683708625179,0.0
0.09395465971098316,0.0
0.42979320144159494,1.0
0.007140158521885087,0.0
0.4626306302594479,1.0
0.4049080559791885,0.0
0.2386785135404338,1.0
0.2643546759319727,0.0
0.4138221821065301,0.0
0.524042462490869,1.0
0.25537239492197733,0.0
0.5879400818788656,1.0
0.17182894910560542,0.0
0.5608500046891574,1.0
0.09395465971098316,0.0
0.25484646850803616,0.0
0.11222507674048639,0.0
0.12804504150977325,0.0
0.0027141315595867986,0.0
0.26727773761712426,0.0
0.2842651769207818,0.0
0.2227029899697078,0.0
0.2617752836975912,0.0
0.1402722936668429,0.0
0.5492186148736701,0.0
0.16170322100794693,0.0
0.2738248575407478,1.0
0.09277304864698163,0.0
0.12089100262403046,0.0
0.06287445679906006,0.0
0.19290520995294408,0.0
0.003836588304029056,0.0
0.02054440297512804,0.0
0.15769153198327035,0.0
0.18342628117425946,0.0
0.21857093996119276,0.0
0.24293235431942534,0.0
0.5387027948843063,0.0
0.29565651831399115,0.0
0.2622120407528677,0.0
0.524042462490869,1.0
0.04584863008194808,0.0
0.21671631062708493,0.0
0.19129535236747355,0.0
0.37358377985657415,1.0
0.08606805930263073,0.0
0.18508754183863416,0.0
0.2747982345663653,0.0
0.29104604501102377,1.0
0.4049080559791885,1.0
0.3707555465505421,0.0
0.15661565940929062,0.0
0.24941211655577752,0.0
0.2538370071803521,0.0
0.2888978034897775,0.0
0.3186398359175106,1.0
0.14648274722219923,0.0
0.8378791904694318,1.0
0.3087271110250601,0.0
0.2530106061311124,0.0
0.04584863008194808,0.0
0.2388622479557257,0.0
0.26935131567402254,1.0
0.6220084381352724,1.0
0.23790724840622887,1.0
0.6137487462179017,1.0
0.23420037683637707,0.0
0.03912729008520705,0.0
0.12863775766433183,0.0
0.09953404045038576,0.0
0.18999025999300026,0.0
0.23572498907430217,0.0
0.05563507662622065,0.0
0.23746328236991135,0.0
0.8360288546649791,1.0
0.47905444999674013,1.0
0.13984850451152295,0.0
0.20838248804278997,0.0
0.4049080559791885,0.0
0.2338919627422852,0.0
0.6688000023842521,0.0
0.044104103201881475,0.0
0.2508761858677919,0.0
0.09171885113888742,0.0
0.09171885113888742,0.0
0.23086828538510795,0.0
0.2679288944087408,1.0
0.17465845728870102,0.0
0.056388944779719424,0.0
0.15612913555103367,0.0
0.08606805930263073,0.0
0.3030791766467906,1.0
0.46005659234720325,1.0
0.15309736341265923,0.0
0.4733155028456996,0.0
0.0027141315595867986,0.0
0.4769008112520576,1.0
0.22720973061792496,0.0
0.18838756808972965,0.0
0.38961836366751706,0.0
0.8378054322171777,1.0
0.2769948017651808,1.0
0.38370972575150974,0.0
0.09171885113888742,0.0
0.19912019340748632,0.0
0.07113310413819153,0.0
0.6688000023842521,1.0
0.38873015751441137,0.0
0.1646661172546586,0.0
0.16642826387548845,0.0
0.1164428976698454,0.0
0.13428926073449793,0.0
0.3256397103917643,0.0
0.1164428976698454,1.0
0.09171885113888742,1.0
0.008499407996472553,0.0
0.006333535801424679,0.0
0.2213012194036343,0.0
0.056388944779719424,0.0
0.008646125579861249,0.0
0.3161846538515682,0.0
0.28008301412429976,1.0
0.35853298049713034,0.0
0.05276214123061236,0.0
0.8427478333886381,1.0
0.24661624571028287,0.0
0.1164428976698454,0.0
0.016568990309630147,0.0
0.6196041233207303,1.0
0.42058215905329405,1.0
0.36259964844432835,1.0
0.1909980198894654,0.0
0.4292736434589065,0.0
0.2192933285878296,0.0
0.227308701003319,0.0
0.16729036180587728,0.0
0.008646125579861249,0.0
0.2954438644408894,0.0
0.37209764353317143,1.0
0.09171885113888742,0.0
0.2754739051431248,1.0
0.15183086259951178,0.0
0.27942520138072413,0.0
0.08606805930263073,0.0
0.17120551311453117,0.0
0.1725508448031169,0.0
0.2698032202279994,1.0
0.2506777830831919,1.0
0.0710539695428721,0.0
0.3230376518842382,0.0
0.157283423565935,1.0
0.1279448519054952,0.0
0.47905444999674013,0.0
0.194609999172744,0.0
0.20476300406230674,0.0
0.4958600621505462,0.0
0.09199156340602244,0.0
0.021899532194577073,0.0
0.0005199510727866056,0.0
0.13859261589303315,0.0
0.2697921716556989,1.0
0.2890689438837012,0.0
0.10314481546127834,0.0
0.644099383974405,1.0
0.11259407095580974,0.0
0.7395382531052362,1.0
0.47367678402232644,1.0
0.11828934022009353,0.0
0.2681883798565811,0.0
0.009274992479056405,0.0
0.09171885113888742,0.0
0.9369609994433388,1.0
0.2538370071803521,0.0
0.6854928045235361,0.0
0.24559918333049016,0.0
0.40741836267008125,1.0
0.6489474795945129,0.0
0.37209764353317143,0.0
0.20285141064802611,0.0
0.0007469883614879383,0.0
0.04584863008194808,0.0
0.006333535801424679,0.0
0.11222507674048639,1.0
0.04584863008194808,0.0
0.142443156760045,0.0
0.3182818389199278,1.0
0.0009349671119033643,0.0
0.0005199510727866056,0.0
0.7110284516796902,1.0
0.3492249064028219,0.0
0.14419217464392914,0.0
0.09171885113888742,0.0
0.056388944779719424,0.0
0.2769948017651808,1.0
0.3491772118083546,0.0
0.12193340705086103,0.0
0.1470742196058379,0.0
0.484085308077927,0.0
0.09369871806101232,0.0
0.12341701557639702,0.0
0.16009457392471077,0.0
0.04584863008194808,0.0
0.0005199510727866056,0.0
0.008892685058092507,0.0
0.002244646964478338,0.0
0.04584863008194808,0.0
0.13381509693824195,0.0
0.1118094234498543,0.0
0.056388944779719424,0.0
0.2304325780671584,0.0
0.11383905898002811,0.0
0.30620545442511216,1.0
0.035661015563167565,0.0
0.04584863008194808,0.0
0.4787363778161901,0.0
0.22588096558485582,0.0
0.16235522559866794,0.0
0.20172067539796645,0.0
0.1910549648353868,0.0
0.006333535801424679,0.0
0.09499901454969287,0.0
0.41063967245956584,1.0
0.3797750223442531,0.0
0.0005199510727866056,0.0
0.06844896671663003,0.0
0.19751730028856201,0.0
0.1840550479154364,0.0
0.5932659711676413,1.0
0.06284961258853343,0.0
0.3034237141283247,1.0
0.14647332003293842,0.0
0.15692538147436363,0.0
0.39327913838587464,0.0
0.28008301412429976,0.0
0.17120551311453117,0.0
0.0005199510727866056,0.0
0.389778392502863,0.0
0.39171529220056966,1.0
0.18958114934305126,0.0
0.2510955007414493,0.0
0.052181217613006474,0.0
0.3120857431382716,1.0
0.19053719886554749,0.0
0.314253970792194,0.0
0.22038761330879086,0.0
0.4060662865218567,1.0
0.42081987838676205,1.0
0.4334454476836024,1.0
0.4216223613153435,1.0
0.23064815108526024,0.0
0.0007469883614879383,0.0
0.718474556033073,1.0
0.7413022866518534,1.0
0.21744063940846065,0.0
0.3614494061191589,0.0
0.25387637941996355,0.0
0.9283671341201674,1.0
0.3689981644739352,1.0
0.5105019413418171,1.0
0.09369871806101232,1.0
0.006333535801424679,0.0
0.28008301412429976,0.0
0.02054440297512804,0.0
0.3087271110250601,0.0
0.22314667626937174,0.0
0.31970446909868677,0.0
0.0005199510727866056,0.0
0.7961800456873253,1.0
0.2159829860034107,0.0
0.8119380532818005,1.0
0.000976155028154605,0.0
0.5012070604358635,1.0
0.4049080559791885,1.0
0.0005199510727866056,0.0
0.7110284516796902,1.0
0.4400844918286196,1.0
0.2853032127334313,0.0
0.1164428976698454,0.0
0.20055214683733677,0.0
0.04584863008194808,0.0
0.12229524397402476,0.0
0.09199156340602244,0.0
0.4316338830373422,1.0
0.42881557231218176,0.0
0.08658927575482839,0.0
0.056388944779719424,0.0
0.09428569404193185,0.0
0.0027141315595867986,0.0
0.138953807305116,0.0
0.09171885113888742,0.0
0.36467196668103574,1.0
0.09171885113888742,0.0
0.0662099251554757,0.0
0.27990086344316706,0.0
0.003836588304029056,0.0
0.07113310413819153,1.0
0.20662635752094363,0.0
0.4828685723820329,0.0
0.24477796324683238,0.0
0.16389759265515993,0.0
0.2789248679902311,0.0
0.5269601954809889,1.0
0.19064515121659922,0.0
0.14650069881630784,0.0
0.24127960561294629,0.0
0.09171885113888742,0.0
0.1910549648353868,1.0
0.0007469883614879383,0.0
0.5033375194631994,0.0
0.20152489232484794,0.0
0.004933096908607962,0.0
0.19730309413870992,0.0
0.07615617185751247,0.0
0.1164428976698454,0.0
0.17698342680866172,0.0
0.04453526921662159,0.0
0.2862149260726087,0.0
0.2769948017651808,0.0
0.4776696717925104,1.0
0.1457137126133475,0.0
0.0005199510727866056,0.0
0.2589396887551195,1.0
0.35418158384317705,0.0
0.3614494061191589,1.0
0.1954767670855404,0.0
0.44635487724776085,1.0
0.004933096908607962,0.0
0.6258956321653677,1.0
0.38502899279559316,0.0
0.38030730491831954,1.0
0.3607930336329473,0.0
0.6489474795945129,1.0
0.11222507674048639,0.0
0.04584863008194808,0.0
0.1397018167968724,0.0
0.08606805930263073,0.0
0.056388944779719424,0.0
0.2085937767244512,0.0
0.15119152247296608,0.0
0.490417833487048,1.0
0.2324906208902416,0.0
0.09526127752986169,0.0
0.09976525298660764,0.0
0.016568990309630147,0.0
0.1164428976698454,0.0
0.08284157655898497,0.0
0.7590142291580193,1.0
0.05276214123061236,0.0
0.1457137126133475,0.0
0.30185482944783254,0.0
0.3030791766467906,0.0
0.10742215812856099,0.0
0.11681983679339361,0.0
0.20771111554783014,0.0
0.12603887221335663,0.0
0.3034237141283247,1.0
0.28974867126235204,0.0
0.17154057711225942,0.0
0.008646125579861249,0.0
0.06413861011549987,0.0
0.056388944779719424,0.0
0.24246712145548813,0.0
0.10657868877208518,0.0
0.47607417091741216,1.0
0.2096121781746973,1.0
0.32732060403877533,1.0
0.004933096908607962,0.0
0.30681742654550875,0.0
0.15137613612914055,0.0
0.2321240984189245,0.0
0.1164428976698454,0.0
0.08364055999197915,0.0
0.28193200209272606,1.0
0.2086749474935942,0.0
0.11828934022009353,0.0
0.18109724654723203,0.0
0.08606805930263073,0.0
0.07277000164115646,0.0
0.11681122708202103,0.0
0.003836588304029056,0.0
0.6783592406103611,1.0
0.39708712814628966,0.0
0.07113310413819153,0.0
0.9560948128912926,1.0
0.13859261589303315,0.0
0.1164428976698454,0.0
0.4692199865144634,0.0
0.9362259291366455,1.0
0.0009349671119033643,0.0
0.4228509228717583,0.0
0.11871324149611079,0.0
0.24842240745132624,0.0
0.7110284516796902,1.0
0.28008301412429976,0.0
0.003836588304029056,0.0
0.12880497431407276,0.0
0.2586382506590711,0.0
0.04584863008194808,0.0
0.2915878508819928,1.0
0.04584863008194808,1.0
0.8484069538138609,1.0
0.03171124134375075,0.0
0.23394312006767662,0.0
0.0005199510727866056,0.0
0.06287445679906006,0.0
0.3033156495650882,0.0
0.20789153143523792,0.0
0.7578736069594438,0.0
0.18228835706414837,0.0
0.16725998167934766,0.0
0.20019926975566155,0.0
0.8313762700159222,0.0
0.16729036180587728,0.0
0.14745443225580374,0.0
0.34036606501077243,1.0
0.1683451697846159,0.0
0.14647332003293842,0.0
0.10836230439411629,0.0
0.07615617185751247,0.0
0.16708386287151775,0.0
0.4542251158576034,1.0
0.38236885253543074,1.0
0.09171885113888742,0.0
0.12772491841814054,0.0
0.0009349671119033643,0.0
0.19730309413870992,0.0
0.8512260453084324,1.0
0.17098065437155607,0.0
0.7955328017783159,1.0
0.314253970792194,1.0
0.16170322100794693,0.0
0.6095222643380663,1.0
0.524042462490869,1.0
0.850349421313316,1.0
0.04584863008194808,0.0
0.6688000023842521,1.0
0.40849278472275413,0.0
0.07113310413819153,0.0
0.0005199510727866056,0.0
0.2987999088462478,0.0
0.09171885113888742,0.0
0.22248281901408076,0.0
0.4127958534473911,1.0
0.39056823890455833,0.0
0.7000243343303993,1.0
0.1402722936668429,0.0
0.002244646964478338,0.0
0.13191152298094944,0.0
0.15769153198327035,0.0
0.08606805930263073,0.0
0.5033375194631994,1.0
0.530247465096585,1.0
0.225962632533752,0.0
0.000976155028154605,0.0
0.008646125579861249,0.0
0.12576412234689469,0.0
0.288436220950672,1.0
0.21534011452056956,0.0
0.09171885113888742,0.0
0.1775047406228121,0.0
0.23562949102277553,0.0
0.12341701557639702,0.0
0.09171885113888742,0.0
0.17349124928094908,0.0
0.0005199510727866056,0.0
0.07113310413819153,0.0
0.4754517938642151,1.0
0.4717165433053364,0.0
0.9341648090683735,1.0
0.3165026475757075,0.0
0.0009349671119033643,0.0
0.37374039124572606,0.0
0.16247004929038433,0.0
0.253834644585732,0.0
0.17614012826780143,0.0
0.05563507662622065,0.0
0.5746999931898951,1.0
0.0005199510727866056,0.0
0.09171885113888742,0.0
0.389778392502863,1.0
0.25879020856029356,0.0
0.3899809974148046,0.0
0.17349124928094908,0.0
0.21154910840270194,0.0
0.08606805930263073,0.0
0.44836886519166974,1.0
0.009274992479056405,0.0
0.10742215812856099,0.0
0.7419436448485682,1.0
0.6196041233207303,0.0
0.04584863008194808,0.0
0.05563507662622065,0.0
0.013272704409809967,0.0
0.056388944779719424,0.0
0.7800055425817972,1.0
0.29287650719718183,0.0
0.1501864416940406,0.0
0.30880052035685657,0.0
0.5019167340012912,1.0
0.11222507674048639,0.0
0.5492186148736701,0.0
0.10856175002894793,0.0
0.21652303331817843,1.0
0.6489474795945129,0.0
0.15703716399318904,0.0
0.22581520571886543,0.0
0.10752426892920766,0.0
0.09005967466155436,0.0
0.3614494061191589,1.0
0.06287445679906006,0.0
0.487919377185422,0.0
0.11584557196819553,0.0
0.9041635772660612,1.0
0.24369157951805281,0.0
0.23043584254222943,0.0
0.4880681818363967,0.0
0.22181721607769067,0.0
0.08606805930263073,0.0
0.5308491481613944,1.0
0.2118524729084371,0.0
0.13784395001285113,0.0
0.32941755905357367,1.0
0.22478499629975635,0.0
0.22119684962881625,0.0
0.39845829931463667,1.0
0.27457431191482845,1.0
0.3826017353134572,1.0
0.3087271110250601,0.0
0.285878021042448,0.0
0.008499407996472553,0.0
0.8002115589060178,1.0
0.21421019253879423,0.0
0.25420328349118954,0.0
0.18890280696250067,0.0
0.46005659234720325,0.0
0.3339128799551356,1.0
0.21162268475458734,0.0
0.5174841779859882,1.0
0.28181622065814055,0.0
0.16645005545874672,0.0
0.13867893707694892,0.0
0.44993775710122835,1.0
0.28318038838721793,1.0
0.3004481337279131,1.0
0.21039883524610545,0.0
0.2120473748124848,0.0
0.4056011419522623,0.0
0.43153112930108095,0.0
0.006333535801424679,0.0
0.8639062243187435,1.0
0.4410643263826162,1.0
0.9343198528927289,1.0
0.09171885113888742,0.0
0.7250218484758519,1.0
0.08475163343796355,0.0
0.24180559072832267,0.0
0.24127960561294629,0.0
0.3476645890294936,1.0
0.9041635772660612,1.0
0.7815846892708485,1.0
0.09369871806101232,0.0
0.5499577288536166,1.0
0.08241407659461127,0.0
0.8751237113692707,1.0
0.18508754183863416,0.0
0.20294469097216505,0.0
0.056388944779719424,0.0
0.09171885113888742,0.0
0.1955617645981685,0.0
0.46715630284753723,0.0
0.3722946081124496,1.0
0.16464344086146337,0.0
0.14266363428858245,0.0
0.008646125579861249,0.0
0.42081987838676205,1.0
0.25895433577508403,0.0
0.09199156340602244,0.0
0.5206647187687071,0.0
0.19057547192499769,0.0
0.7005583914260298,1.0
0.6873819550956507,1.0
0.2821591143214846,0.0
0.524042462490869,0.0
0.3075985960716052,1.0
0.43117648021218863,1.0
0.1164428976698454,0.0
0.20035484402071954,0.0
0.1748880155235416,0.0
0.22729863343016188,1.0
0.46855555549918565,1.0
0.6489474795945129,1.0
0.2034206992281725,0.0
0.008892685058092507,0.0
0.008646125579861249,0.0
0.7311870965376108,1.0
0.16503131305787547,0.0
0.04584863008194808,0.0
0.2118524729084371,0.0
0.25196185688148853,0.0
0.1214253554272832,0.0
0.3799601466111843,1.0
0.21695934183707544,0.0
0.4385805317534398,0.0
0.3607930336329473,1.0
0.4847114872087373,1.0
0.24021500063865697,1.0
0.1268937637934998,0.0
0.2570617505771544,0.0
0.34505390847550094,1.0
0.4700334874987233,0.0
0.524042462490869,1.0
0.02054440297512804,0.0
0.20490836923995479,0.0
0.3622472404421485,1.0
0.0005199510727866056,0.0
0.08606805930263073,0.0
0.19511430492442064,0.0
0.11222507674048639,0.0
0.4723832099720031,1.0
0.08916865710290618,0.0
0.09171885113888742,0.0
0.05276214123061236,0.0
0.044104103201881475,0.0
0.2853228573112599,0.0
0.11122682837638843,0.0
0.35456375310764665,0.0
0.05276214123061236,0.0
0.1720864028547827,0.0
0.17382020981808288,0.0
0.11222507674048639,0.0
0.35266189442864915,1.0
0.1397018167968724,0.0
0.11721611650106814,0.0
0.7594671627245454,1.0
0.2697175722444108,0.0
0.30620545442511216,0.0
0.1528729278716244,0.0
0.22202221722877835,0.0
0.15925068885583457,0.0
0.08606805930263073,0.0
0.25260239603129525,0.0
0.7459040602781996,1.0
0.14207396252801696,0.0
0.04584863008194808,0.0
0.29528411379943353,0.0
0.9550206796713456,1.0
0.23542701215686918,0.0
0.10742215812856099,0.0
0.30884024391532006,0.0
0.30467385898553645,1.0
0.16069780361899844,0.0
0.05276214123061236,0.0
0.5200373871064636,1.0
0.04584863008194808,0.0
0.09171885113888742,0.0
0.0027141315595867986,0.0
0.5033375194631994,1.0
0.39890170862961255,1.0
0.360518468020449,1.0
0.04584863008194808,1.0
0.09369871806101232,0.0
0.5033375194631994,0.0
0.21687464921887067,0.0
0.09171885113888742,1.0
0.3614494061191589,0.0
0.12160739629483004,0.0
0.16262942018516813,0.0
0.11222507674048639,0.0
0.08273325683472174,0.0
0.06291857918230373,0.0
0.2878720307070724,0.0
0.16247004929038433,0.0
0.34639763254450157,0.0
0.4138221821065301,1.0
0.21670508981252745,0.0
0.47445024229030786,1.0
0.004933096908607962,0.0
0.04584863008194808,0.0
0.009274992479056405,0.0
0.40994550377104466,1.0
0.12772491841814054,0.0
0.035661015563167565,0.0
0.2355127768461453,0.0
0.3614494061191589,0.0
0.09171885113888742,0.0
0.23784480011958084,1.0
0.20544997226135084,0.0
0.11766040212034783,1.0
0.6777044768257808,1.0
0.06287445679906006,0.0
0.009274992479056405,0.0
0.21534011452056956,0.0
0.1397018167968724,0.0
0.08551991591688944,0.0
0.5206647187687071,1.0
0.1841331465482094,0.0
0.05276214123061236,0.0
0.19727067541769283,0.0
0.3793029748593449,0.0
0.04453526921662159,0.0
0.29287650719718183,0.0
0.3184426508572155,0.0
0.4556358246851479,1.0
0.11222507674048639,0.0
0.36467196668103574,0.0
0.4923579850100667,1.0
0.21898860806366424,1.0
0.0007469883614879383,0.0
0.0005199510727866056,0.0
0.6854928045235361,0.0
0.035661015563167565,0.0
0.05686904507945419,0.0
0.33196268189458517,1.0
0.13148954642116242,0.0
0.389778392502863,1.0
0.12229524397402476,0.0
0.39165842323838945,1.0
0.13859261589303315,0.0
0.3671730787549565,0.0
0.33430566756125196,0.0
0.1402722936668429,0.0
0.03272909848660789,0.0
0.1944562528072402,0.0
0.4099088512175624,1.0
0.25310058654275147,0.0
0.002158839961675495,0.0
0.10465842954357811,0.0
0.09171885113888742,0.0
0.08658927575482839,0.0
0.11222507674048639,0.0
0.23572498907430217,0.0
0.09171885113888742,0.0
0.20726956871219268,1.0
0.3940001112622422,1.0
0.04584863008194808,0.0
0.04584863008194808,0.0
0.1951651484775255,0.0
0.8639062243187435,1.0
0.5206647187687071,1.0
0.4704683576238752,1.0
0.04584863008194808,0.0
0.49268524738892294,1.0
0.10905239136852389,0.0
0.28553458638416446,0.0
0.3051624533067285,0.0
0.008499407996472553,0.0
0.12428847408934356,1.0
0.4238465499458738,0.0
0.008646125579861249,0.0
0.17420247264688055,0.0
0.2247872006593778,1.0
0.3422741491641548,1.0
0.4514752231300949,0.0
0.45322803932107647,1.0
0.056388944779719424,0.0
0.4769008112520576,1.0
0.09171885113888742,1.0
0.25339608245846823,0.0
0.3201799754365658,1.0
0.6235585294683852,1.0
0.38209552300352356,0.0
0.15769153198327035,0.0
0.2616282589892057,0.0
0.1646891725719675,0.0
0.2132370455911585,0.0
0.3805262604643205,0.0
0.5635151392606502,1.0
0.0027141315595867986,0.0
0.09893256859967303,0.0
0.227020744144347,0.0
0.23084327035336252,1.0
0.275926004325279,1.0
0.22098062069536917,0.0
0.12576412234689469,0.0
0.04584863008194808,0.0
0.17610698412393863,0.0
0.2679288944087408,0.0
0.25968380402414115,1.0
0.000976155028154605,0.0
0.10437183606231587,0.0
0.524042462490869,0.0
0.2980141020245003,1.0
0.23986593785778873,0.0
0.5206647187687071,1.0
0.09199156340602244,0.0
0.16469851947619762,0.0
0.004933096908607962,0.0
0.36467196668103574,0.0
0.5016264123295456,1.0
0.7149933925640373,1.0
0.34716161917632093,0.0
0.30620545442511216,0.0
0.524042462490869,0.0
0.34493098930646765,1.0
0.07942404831374066,0.0
0.2532525873770022,1.0
0.20948388770411341,0.0
0.49538215050395984,0.0
0.535879035334376,1.0
0.10837158087110078,0.0
0.04584863008194808,0.0
0.285878021042448,0.0
0.2424559553223638,0.0
0.09395465971098316,0.0
0.13428926073449793,0.0
0.2969863652444017,0.0
0.3033156495650882,0.0
0.3893486753920075,0.0
0.526699902350719,1.0
0.21857093996119276,1.0
0.04584863008194808,0.0
0.23043584254222943,0.0
0.1958181050102286,0.0
0.17852350988639448,0.0
0.5492186148736701,1.0
0.18848055609709352,0.0
0.39224766461161187,1.0
0.6383460765834257,1.0
0.2506079043116705,0.0
0.524042462490869,0.0
0.12772491841814054,0.0
0.17936703333882054,0.0
0.40732790485974746,0.0
0.23635191192933622,0.0
0.3615320321279466,0.0
0.8751237113692707,1.0
0.2571760348702434,0.0
0.3550865573174836,1.0
0.2131525088792425,0.0
0.3136771897926258,1.0
0.3590069338955991,0.0
0.44416699666821907,1.0
0.04584863008194808,0.0
0.5033375194631994,1.0
0.24985231845329497,1.0
0.09369871806101232,0.0
0.18462524357926796,1.0
0.452571386376027,0.0
0.194609999172744,1.0
0.7038850657118436,1.0
0.2622120407528677,0.0
0.22528210775979907,0.0
0.28945551318400947,0.0
0.3087271110250601,1.0
0.2658661652939943,1.0
0.2377707732427439,0.0
0.27552512816640196,0.0
0.35385904483195785,0.0
0.49168296290720065,0.0
0.0027141315595867986,0.0
0.668410005761058,1.0
0.17921817552634067,0.0
0.22992460577489804,0.0
0.3264250401280715,0.0
0.09395465971098316,0.0
0.5033375194631994,0.0
0.2974564257007359,1.0
0.6894048838547026,1.0
0.17276585122412386,0.0
0.7694229613625894,1.0
0.13191152298094944,0.0
0.4869153342247228,1.0
0.2711008840113064,0.0
0.26557424747535235,0.0
0.15612913555103367,0.0
0.19932954014675508,0.0
0.4890533469337931,1.0
0.6196041233207303,0.0
0.42428829955459,1.0
0.2824513839126196,1.0
0.0027141315595867986,0.0
0.11222507674048639,0.0
0.2751407080599578,0.0
0.4208682089869498,1.0
0.285878021042448,0.0
0.009274992479056405,0.0
0.10939296737179989,0.0
0.22357728543990352,0.0
0.11727670539061996,0.0
0.27457431191482845,0.0
0.18690702102441237,0.0
0.09199156340602244,0.0
0.8427478333886381,1.0
0.17595781679647873,0.0
0.8639062243187435,1.0
0.4132097430176575,0.0
0.14054903272911326,0.0
0.8702995392509092,1.0
0.35770688771421993,0.0
0.2566767865777918,1.0
0.1425187958317915,0.0
0.3445154382759108,0.0
0.17349124928094908,0.0
0.3983668769917893,0.0
0.4064445674060549,1.0
0.4993249592554126,0.0
0.1861995637746395,1.0
0.37804771296969364,0.0
0.8383744437199213,1.0
0.09976525298660764,0.0
0.3369907584857266,0.0
0.25339608245846823,0.0
0.16419598876664027,0.0
0.2670467935274092,1.0
0.24060747537109325,1.0
0.15356146157133246,0.0
0.11222507674048639,0.0
0.5046280652746123,1.0
0.1164428976698454,0.0
0.13844789949133454,0.0
0.1524386925396672,0.0
0.3256397103917643,1.0
0.06287445679906006,0.0
0.5538684992837895,0.0
0.2324439891121548,0.0
0.22521797008618935,0.0
0.47489518656862273,1.0
0.24151103361115392,0.0
0.16552449345290157,0.0
0.5033375194631994,1.0
0.046644253881549885,0.0
0.43010040616637674,0.0
0.199584749349719,0.0
0.06287445679906006,0.0
0.7666100673316797,1.0
0.299056832536535,0.0
0.17332709461662124,0.0
0.34540141739248875,1.0
0.08606805930263073,0.0
0.11222507674048639,0.0
0.4512266104724874,1.0
0.09199156340602244,0.0
0.157283423565935,0.0
0.31785579796244134,0.0
0.2566767865777918,0.0
0.2538370071803521,0.0
0.15730704576169752,0.0
0.16552449345290157,0.0
0.18638990084142035,0.0
0.21534011452056956,0.0
0.12425362208148828,0.0
0.3087271110250601,0.0
0.06287445679906006,0.0
0.04584863008194808,0.0
0.4556358246851479,0.0
0.8002115589060178,0.0
0.0005199510727866056,0.0
0.09171885113888742,0.0
0.2347872919767383,0.0
0.2398802432963813,0.0
0.09171885113888742,0.0
0.04584863008194808,0.0
0.008646125579861249,0.0
0.2618729713597177,0.0
0.29273195605101765,0.0
0.6783115966832629,1.0
0.4733155028456996,1.0
0.04584863008194808,0.0
0.7590142291580193,1.0
0.23848815728088518,0.0
0.3614494061191589,0.0
0.46917855161396,0.0
0.14240285003648734,0.0
0.38127534304441574,0.0
0.5906699459117052,1.0
0.11568709346483573,0.0
0.10068513805743302,0.0
0.3186398359175106,0.0
0.287967271339149,0.0
0.09171885113888742,0.0
0.5206647187687071,1.0
0.03339963794230794,0.0
0.0005199510727866056,0.0
0.39364550096431755,1.0
0.09369871806101232,0.0
0.009274992479056405,0.0
0.05276214123061236,0.0
0.15889109997930131,0.0
0.14901163943237575,0.0
0.2890689438837012,0.0
0.016568990309630147,0.0
0.000976155028154605,0.0
0.28318038838721793,1.0
0.5033375194631994,1.0
0.15922514964516984,0.0
0.4434530815514043,1.0
0.07113310413819153,0.0
0.23043584254222943,0.0
0.30620545442511216,0.0
0.389778392502863,0.0
0.15399719446450438,1.0
0.13211934089555713,0.0
0.7483121546134501,1.0
0.3614494061191589,0.0
0.2883388931331421,0.0
0.11222507674048639,0.0
0.21371256651846157,0.0
0.2526436405303653,1.0
0.46857577535859507,1.0
0.15277625124583888,0.0
0.3374619004955512,0.0
0.07277000164115646,0.0
0.31196757834266536,0.0
0.9414069400341428,1.0
0.3033156495650882,1.0
0.3649813453519708,0.0
0.0746898409574858,0.0
0.16266887768353425,0.0
0.6712265803678461,1.0
0.2159770831981223,0.0
0.3256397103917643,0.0
0.2586347230569541,0.0
0.19831988847880339,0.0
0.224117317476197,0.0
0.17160534153053358,0.0
0.3087271110250601,1.0
0.4623298275398464,1.0
0.008892685058092507,0.0
0.3885770036719531,1.0
0.2863212036537728,0.0
0.006333535801424679,0.0
0.5033375194631994,0.0
0.33226644315147696,0.0
0.7110284516796902,0.0
0.42081987838676205,0.0
0.5316238613528178,1.0
0.12931421258307452,0.0
0.3995267132264576,0.0
0.636466949687238,1.0
0.2708753213898663,0.0
0.15343487664330108,0.0
0.22956485288543102,0.0
0.46855555549918565,0.0
0.429299611554744,0.0
0.24796811993490028,0.0
0.21120975132328418,0.0
0.09171885113888742,0.0
0.04584863008194808,0.0
0.6217435076714373,1.0
0.17349124928094908,0.0
0.07942404831374066,0.0
0.4904285609407767,0.0
0.4661840858264199,1.0
0.009274992479056405,0.0
0.12576412234689469,0.0
0.21986955596535437,0.0
0.4923579850100667,1.0
0.1999549436205865,0.0
0.7200677441223486,1.0
0.16181839314374333,0.0
0.04584863008194808,0.0
0.11084105079090673,0.0
0.14058447634496754,0.0
0.32577446886241135,1.0
0.0007469883614879383,0.0
0.3310128565829217,1.0
0.38126786213702984,0.0
0.7434302040685428,1.0
0.524042462490869,1.0
0.7835319207546045,1.0
0.26718259709122344,1.0
0.1175869523550141,0.0
0.008646125579861249,0.0
0.3169740997611819,1.0
0.2030213101056342,0.0
0.11222507674048639,0.0
0.38679387851710095,1.0
0.46587261678942055,0.0
0.13209896634609822,0.0
0.008892685058092507,0.0
0.21573857916014497,0.0
0.6688000023842521,0.0
0.5084430520518338,1.0
0.006333535801424679,0.0
0.6283504585466031,1.0
0.4177915036688673,1.0
0.7640044734077744,1.0
0.25850530346094475,0.0
0.5673068542431552,1.0
0.056388944779719424,0.0
0.17247073103974617,0.0
0.0007469883614879383,0.0
0.09638920358593356,0.0
0.4210654036245789,1.0
0.25616388952592356,0.0
0.18559685699359244,0.0
0.06850406357777784,0.0
0.07113310413819153,0.0
0.27702997815972963,0.0
0.46005659234720325,1.0
0.27457431191482845,0.0
0.1842810358142902,0.0
0.3086210810347717,0.0
0.008646125579861249,0.0
0.47445024229030786,1.0
0.17108618803434514,0.0
0.32380958641342594,1.0
0.18567502737689484,0.0
0.12428847408934356,0.0
0.524042462490869,0.0
0.1953229153800008,0.0
0.1392804538399927,0.0
0.26516231109193217,0.0
0.2957010251096444,1.0
0.05276214123061236,0.0
0.4754517938642151,1.0
0.08606805930263073,0.0
0.1402722936668429,1.0
0.3041810380586829,1.0
0.22138012588769193,0.0
0.1114016987021348,0.0
0.3119156393792738,0.0
0.20948388770411341,1.0
0.5106164972929232,1.0
0.05563507662622065,0.0
0.814941048789819,1.0
0.35197880906748424,1.0
>>>>>>> bbfdf6bc8f52071d61275cd661c3f9d2a1367202
